"Период","ВКонтакте","Facebook","Livejournal","instagram.com","Одноклассники"
"2016-01-15","20","0","8","0","0"
"2016-01-16","9","0","6","0","0"
"2016-01-17","14","0","1","0","0"
"2016-01-18","11","0","2","0","0"
"2016-01-19","13","0","2","0","0"
"2016-01-20","16","0","1","0","0"
"2016-01-21","11","0","2","0","0"
"2016-01-22","11","0","1","0","1"
"2016-01-23","13","1","2","0","0"
"2016-01-24","22","0","2","0","0"
"2016-01-25","20","0","1","0","1"
"2016-01-26","22","9","4","0","0"
"2016-01-27","28","6","0","0","1"
"2016-01-28","22","3","4","0","0"
"2016-01-29","13","1","1","0","0"
"2016-01-30","20","0","2","0","0"
"2016-01-31","17","3","2","0","0"
"2016-02-01","15","1","1","0","0"
"2016-02-02","14","0","1","0","0"
"2016-02-03","12","0","0","0","1"
"2016-02-04","7","0","1","0","0"
"2016-02-05","11","0","1","0","0"
"2016-02-06","12","1","0","0","0"
"2016-02-07","14","1","1","0","0"
"2016-02-08","9","0","1","0","0"
"2016-02-09","13","0","3","0","0"
"2016-02-10","14","0","1","0","0"
"2016-02-11","8","0","0","0","1"
"2016-02-12","11","0","0","0","0"
"2016-02-13","8","1","0","0","0"
"2016-02-14","14","0","1","0","0"
"2016-02-15","7","2","3","0","0"
"2016-02-16","4","0","0","0","0"
"2016-02-17","10","0","0","0","0"
"2016-02-18","10","0","1","0","1"
"2016-02-19","11","1","0","0","0"
"2016-02-20","6","1","0","0","0"
"2016-02-21","17","1","0","0","0"
"2016-02-22","14","0","1","0","0"
"2016-02-23","11","0","0","0","1"
"2016-02-24","19","1","0","0","1"
"2016-02-25","15","4","0","0","0"
"2016-02-26","15","1","0","0","0"
"2016-02-27","15","3","1","0","0"
"2016-02-28","15","0","0","0","0"
"2016-02-29","9","0","0","0","0"
"2016-03-01","12","1","1","0","0"
"2016-03-02","6","0","0","0","0"
"2016-03-03","14","0","0","0","0"
"2016-03-04","8","1","0","0","0"
"2016-03-05","12","0","0","0","0"
"2016-03-06","18","0","1","0","0"
"2016-03-07","17","1","0","0","0"
"2016-03-08","7","1","0","0","0"
"2016-03-09","11","1","1","0","0"
"2016-03-10","9","1","0","0","0"
"2016-03-11","7","0","0","0","1"
"2016-03-12","4","1","0","0","0"
"2016-03-13","9","1","1","0","0"
"2016-03-14","18","0","0","0","0"
"2016-03-15","9","0","0","0","0"
"2016-03-16","9","0","0","0","0"
"2016-03-17","12","0","0","0","0"
"2016-03-18","11","1","0","0","0"
"2016-03-19","10","1","0","0","0"
"2016-03-20","14","1","0","0","0"
"2016-03-21","17","0","0","0","0"
"2016-03-22","13","1","1","0","0"
"2016-03-23","12","0","0","0","0"
"2016-03-24","12","0","0","0","0"
"2016-03-25","11","0","1","0","0"
"2016-03-26","13","0","0","0","0"
"2016-03-27","14","2","0","0","0"
"2016-03-28","6","1","0","0","0"
"2016-03-29","13","0","1","0","0"
"2016-03-30","5","0","1","0","0"
"2016-03-31","11","0","0","0","0"
"2016-04-01","11","0","0","0","0"
"2016-04-02","18","1","0","0","0"
"2016-04-03","11","0","0","0","0"
"2016-04-04","19","1","1","0","0"
"2016-04-05","8","2","0","0","0"
"2016-04-06","11","0","0","0","0"
"2016-04-07","15","2","0","0","0"
"2016-04-08","12","0","0","0","0"
"2016-04-09","5","0","0","0","0"
"2016-04-10","21","0","0","0","0"
"2016-04-11","6","1","0","0","0"
"2016-04-12","8","0","0","0","0"
"2016-04-13","5","0","0","0","0"
"2016-04-14","14","1","0","0","0"
"2016-04-15","9","0","1","0","0"
"2016-04-16","9","0","0","0","0"
"2016-04-17","13","0","5","0","0"
"2016-04-18","12","1","3","0","0"
"2016-04-19","8","0","3","0","0"
"2016-04-20","10","0","1","0","0"
"2016-04-21","6","0","0","0","0"
"2016-04-22","6","0","0","0","0"
"2016-04-23","12","1","1","0","0"
"2016-04-24","15","0","0","0","0"
"2016-04-25","5","0","0","0","0"
"2016-04-26","8","1","0","0","0"
"2016-04-27","6","0","0","0","0"
"2016-04-28","8","0","0","0","0"
"2016-04-29","2","0","0","0","0"
"2016-04-30","11","0","0","0","0"
"2016-05-01","10","1","0","0","0"
"2016-05-02","7","0","0","0","0"
"2016-05-03","17","0","0","0","1"
"2016-05-04","17","0","0","0","2"
"2016-05-05","7","3","0","0","1"
"2016-05-06","5","0","0","0","0"
"2016-05-07","4","2","0","0","0"
"2016-05-08","7","1","0","0","0"
"2016-05-09","8","1","0","0","0"
"2016-05-10","5","1","0","0","0"
"2016-05-11","3","0","0","0","0"
"2016-05-12","4","0","0","0","0"
"2016-05-13","6","2","0","0","0"
"2016-05-14","12","0","0","0","0"
"2016-05-15","15","0","0","0","0"
"2016-05-16","13","0","1","0","0"
"2016-05-17","15","1","0","0","0"
"2016-05-18","10","0","0","0","0"
"2016-05-19","8","1","0","0","0"
"2016-05-20","6","0","1","0","0"
"2016-05-21","5","0","0","0","0"
"2016-05-22","6","1","0","0","0"
"2016-05-23","10","0","0","0","1"
"2016-05-24","8","1","2","0","0"
"2016-05-25","7","0","0","0","0"
"2016-05-26","7","0","0","0","0"
"2016-05-27","2","0","1","0","0"
"2016-05-28","7","1","0","0","0"
"2016-05-29","14","0","2","0","0"
"2016-05-30","4","0","0","0","0"
"2016-05-31","4","1","0","0","0"
"2016-06-01","9","0","2","0","0"
"2016-06-02","3","0","0","0","0"
"2016-06-03","3","0","0","0","0"
"2016-06-04","7","0","1","0","0"
"2016-06-05","6","0","1","0","0"
"2016-06-06","7","0","0","0","0"
"2016-06-07","10","0","0","0","0"
"2016-06-08","8","1","0","0","0"
"2016-06-09","19","0","1","0","0"
"2016-06-10","10","0","0","0","0"
"2016-06-11","10","0","0","0","0"
"2016-06-12","11","0","0","0","0"
"2016-06-13","7","0","0","0","0"
"2016-06-14","10","1","0","0","0"
"2016-06-15","10","1","0","0","0"
"2016-06-16","8","0","0","0","0"
"2016-06-17","8","0","0","0","0"
"2016-06-18","9","0","0","0","0"
"2016-06-19","17","0","0","0","0"
"2016-06-20","21","0","0","0","0"
"2016-06-21","17","0","0","0","0"
"2016-06-22","12","0","0","0","0"
"2016-06-23","12","1","0","0","0"
"2016-06-24","13","0","0","0","0"
"2016-06-25","19","2","0","0","0"
"2016-06-26","11","3","0","0","0"
"2016-06-27","15","2","0","0","0"
"2016-06-28","9","3","0","0","0"
"2016-06-29","12","2","0","0","0"
"2016-06-30","2","1","0","0","0"
"2016-07-01","6","2","0","0","0"
"2016-07-02","6","0","1","0","0"
"2016-07-03","9","0","0","0","0"
"2016-07-04","9","0","0","0","0"
"2016-07-05","8","2","0","0","0"
"2016-07-06","9","0","0","0","0"
"2016-07-07","9","1","0","0","0"
"2016-07-08","8","0","0","0","0"
"2016-07-09","5","0","0","0","0"
"2016-07-10","9","0","0","0","0"
"2016-07-11","10","1","0","0","0"
"2016-07-12","7","0","0","0","0"
"2016-07-13","8","0","0","0","0"
"2016-07-14","5","0","0","0","0"
"2016-07-15","7","0","0","0","1"
"2016-07-16","9","0","0","0","0"
"2016-07-17","8","0","2","0","1"
"2016-07-18","11","0","0","0","1"
"2016-07-19","5","0","0","0","0"
"2016-07-20","5","0","0","0","0"
"2016-07-21","6","0","0","0","0"
"2016-07-22","5","0","0","0","0"
"2016-07-23","2","0","0","0","0"
"2016-07-24","9","0","1","0","0"
"2016-07-25","3","0","0","0","0"
"2016-07-26","3","0","0","0","0"
"2016-07-27","2","0","0","0","0"
"2016-07-28","4","0","0","0","0"
"2016-07-29","5","4","0","0","0"
"2016-07-30","3","3","1","0","0"
"2016-07-31","9","0","0","0","0"
"2016-08-01","8","0","0","0","0"
"2016-08-02","2","0","0","0","0"
"2016-08-03","7","2","0","0","0"
"2016-08-04","6","0","0","0","0"
"2016-08-05","5","0","0","0","0"
"2016-08-06","6","0","0","0","0"
"2016-08-07","5","1","0","0","0"
"2016-08-08","6","0","0","0","0"
"2016-08-09","10","1","0","0","0"
"2016-08-10","11","3","0","0","0"
"2016-08-11","1","6","0","0","0"
"2016-08-12","10","1","0","0","0"
"2016-08-13","1","0","1","0","0"
"2016-08-14","8","0","0","0","0"
"2016-08-15","8","1","0","0","0"
"2016-08-16","6","0","0","0","0"
"2016-08-17","6","1","0","0","0"
"2016-08-18","6","0","1","0","0"
"2016-08-19","5","0","0","0","0"
"2016-08-20","7","1","0","0","0"
"2016-08-21","7","1","0","0","0"
"2016-08-22","8","0","0","0","0"
"2016-08-23","6","0","0","0","1"
"2016-08-24","4","0","0","0","0"
"2016-08-25","5","0","1","0","0"
"2016-08-26","11","1","0","0","0"
"2016-08-27","6","0","0","0","0"
"2016-08-28","8","1","0","0","0"
"2016-08-29","7","3","0","0","1"
"2016-08-30","9","2","1","0","0"
"2016-08-31","19","0","0","0","1"
"2016-09-01","6","3","0","0","0"
"2016-09-02","7","1","0","0","0"
"2016-09-03","8","2","0","0","0"
"2016-09-04","11","2","0","0","0"
"2016-09-05","11","2","0","0","0"
"2016-09-06","9","1","0","0","0"
"2016-09-07","9","0","1","0","2"
"2016-09-08","18","0","0","0","0"
"2016-09-09","12","0","0","0","0"
"2016-09-10","11","1","1","0","0"
"2016-09-11","9","1","0","0","0"
"2016-09-12","8","2","0","0","0"
"2016-09-13","21","0","0","0","0"
"2016-09-14","19","0","0","0","0"
"2016-09-15","11","0","0","0","0"
"2016-09-16","8","0","0","0","0"
"2016-09-17","10","0","0","0","0"
"2016-09-18","22","0","0","0","0"
"2016-09-19","6","0","0","0","0"
"2016-09-20","7","0","0","0","0"
"2016-09-21","8","0","0","0","0"
"2016-09-22","14","1","0","0","1"
"2016-09-23","9","0","0","0","1"
"2016-09-24","8","0","0","0","0"
"2016-09-25","8","0","0","0","0"
"2016-09-26","5","0","0","0","0"
"2016-09-27","12","1","0","0","0"
"2016-09-28","10","0","0","0","0"
"2016-09-29","15","0","0","0","0"
"2016-09-30","14","0","0","0","0"
"2016-10-01","8","0","0","0","0"
"2016-10-02","11","0","0","0","0"
"2016-10-03","12","0","0","0","0"
"2016-10-04","13","0","1","0","0"
"2016-10-05","7","0","0","0","0"
"2016-10-06","10","0","0","0","0"
"2016-10-07","11","0","0","0","0"
"2016-10-08","5","1","0","0","1"
"2016-10-09","6","0","0","0","0"
"2016-10-10","12","0","0","0","1"
"2016-10-11","12","2","0","0","0"
"2016-10-12","8","1","0","0","0"
"2016-10-13","7","1","0","0","0"
"2016-10-14","13","0","0","0","0"
"2016-10-15","11","3","0","0","0"
"2016-10-16","8","2","0","0","0"
"2016-10-17","10","1","2","0","1"
"2016-10-18","6","1","0","0","0"
"2016-10-19","8","0","0","0","0"
"2016-10-20","14","0","0","0","0"
"2016-10-21","9","0","0","0","0"
"2016-10-22","13","0","0","0","0"
"2016-10-23","9","0","0","0","0"
"2016-10-24","3","0","0","0","1"
"2016-10-25","7","0","2","0","0"
"2016-10-26","12","0","1","0","0"
"2016-10-27","9","0","1","0","0"
"2016-10-28","5","0","1","0","0"
"2016-10-29","8","0","0","0","0"
"2016-10-30","10","0","0","0","0"
"2016-10-31","11","0","0","0","0"
"2016-11-01","6","0","0","0","0"
"2016-11-02","9","0","0","0","0"
"2016-11-03","13","0","0","0","0"
"2016-11-04","9","0","0","0","0"
"2016-11-05","7","0","1","0","0"
"2016-11-06","7","2","0","0","0"
"2016-11-07","5","1","0","0","0"
"2016-11-08","9","3","0","0","0"
"2016-11-09","14","0","0","0","0"
"2016-11-10","5","0","0","0","0"
"2016-11-11","9","3","0","0","0"
"2016-11-12","12","0","0","0","0"
"2016-11-13","9","0","0","0","0"
"2016-11-14","9","0","0","0","0"
"2016-11-15","5","0","0","0","0"
"2016-11-16","6","0","0","0","0"
"2016-11-17","6","0","0","0","0"
"2016-11-18","5","0","0","0","0"
"2016-11-19","8","0","0","0","0"
"2016-11-20","9","0","0","0","0"
"2016-11-21","5","0","0","0","0"
"2016-11-22","11","1","0","0","0"
"2016-11-23","7","0","1","0","0"
"2016-11-24","7","2","1","0","0"
"2016-11-25","15","0","0","0","0"
"2016-11-26","9","0","0","0","0"
"2016-11-27","8","1","0","0","0"
"2016-11-28","13","0","0","0","1"
"2016-11-29","10","0","6","0","0"
"2016-11-30","8","0","0","0","0"
"2016-12-01","12","0","1","0","0"
"2016-12-02","3","0","0","0","0"
"2016-12-03","8","0","3","0","0"
"2016-12-04","7","1","0","0","0"
"2016-12-05","10","0","0","0","1"
"2016-12-06","6","1","0","0","0"
"2016-12-07","9","0","0","0","0"
"2016-12-08","14","0","0","0","1"
"2016-12-09","6","1","0","0","0"
"2016-12-10","5","0","0","0","0"
"2016-12-11","4","0","0","0","0"
"2016-12-12","6","0","1","0","0"
"2016-12-13","7","0","0","0","0"
"2016-12-14","8","0","0","0","0"
"2016-12-15","7","0","1","0","0"
"2016-12-16","10","0","0","0","0"
"2016-12-17","8","0","0","0","0"
"2016-12-18","12","1","0","0","0"
"2016-12-19","5","0","0","0","0"
"2016-12-20","17","1","1","0","0"
"2016-12-21","15","3","0","0","0"
"2016-12-22","9","2","0","0","0"
"2016-12-23","6","0","0","0","0"
"2016-12-24","4","2","0","0","0"
"2016-12-25","5","0","1","0","0"
"2016-12-26","15","1","0","0","0"
"2016-12-27","10","4","0","0","0"
"2016-12-28","8","6","0","0","0"
"2016-12-29","7","0","0","0","0"
"2016-12-30","6","0","0","0","0"
"2016-12-31","1","0","0","0","1"
"2017-01-01","6","0","0","0","0"
"2017-01-02","4","0","1","0","0"
"2017-01-03","23","0","0","0","0"
"2017-01-04","17","0","0","0","0"
"2017-01-05","12","0","0","0","0"
"2017-01-06","3","0","0","0","0"
"2017-01-07","2","0","0","0","0"
"2017-01-08","9","2","0","0","0"
"2017-01-09","11","0","0","0","0"
"2017-01-10","10","1","0","0","0"
"2017-01-11","7","1","0","0","0"
"2017-01-12","3","0","1","0","0"
"2017-01-13","2","0","0","0","0"
"2017-01-14","3","0","0","0","0"
"2017-01-15","8","0","1","0","0"
"2017-01-16","10","0","0","0","0"
"2017-01-17","10","0","1","0","0"
"2017-01-18","12","0","0","0","0"
"2017-01-19","7","2","0","0","0"
"2017-01-20","7","0","1","0","0"
"2017-01-21","6","1","1","0","0"
"2017-01-22","6","0","0","0","0"
"2017-01-23","7","0","0","0","0"
"2017-01-24","13","0","0","0","0"
"2017-01-25","3","1","0","0","0"
"2017-01-26","9","2","0","0","1"
"2017-01-27","9","0","0","0","1"
"2017-01-28","12","1","1","0","0"
"2017-01-29","6","1","0","0","0"
"2017-01-30","11","0","0","0","0"
"2017-01-31","11","0","0","0","0"
"2017-02-01","5","0","0","0","0"
"2017-02-02","9","0","0","0","0"
"2017-02-03","5","0","0","0","0"
"2017-02-04","10","0","0","0","0"
"2017-02-05","2","1","0","0","0"
"2017-02-06","2","0","0","0","0"
"2017-02-07","10","1","0","0","0"
"2017-02-08","10","1","0","0","0"
"2017-02-09","8","0","1","0","0"
"2017-02-10","5","0","0","0","0"
"2017-02-11","4","1","0","0","0"
"2017-02-12","4","0","0","0","0"
"2017-02-13","6","2","0","0","0"
"2017-02-14","9","0","1","0","0"
"2017-02-15","5","1","0","0","0"
"2017-02-16","5","0","0","0","0"
"2017-02-17","7","0","0","0","0"
"2017-02-18","3","0","0","0","0"
"2017-02-19","8","2","1","0","0"
"2017-02-20","11","0","0","0","0"
"2017-02-21","13","0","0","0","1"
"2017-02-22","9","0","0","0","0"
"2017-02-23","7","1","0","0","0"
"2017-02-24","7","0","0","0","0"
"2017-02-25","7","0","0","0","0"
"2017-02-26","8","0","1","0","0"
"2017-02-27","14","1","0","0","1"
"2017-02-28","8","0","0","0","0"
"2017-03-01","5","0","0","0","0"
"2017-03-02","8","3","0","0","0"
"2017-03-03","5","0","0","0","4"
"2017-03-04","4","0","0","0","0"
"2017-03-05","6","0","0","0","0"
"2017-03-06","8","1","0","0","0"
"2017-03-07","4","1","0","0","0"
"2017-03-08","6","3","0","0","1"
"2017-03-09","9","3","0","0","0"
"2017-03-10","5","1","0","0","0"
"2017-03-11","7","0","0","0","0"
"2017-03-12","7","3","1","0","0"
"2017-03-13","7","0","0","0","0"
"2017-03-14","7","1","0","0","0"
"2017-03-15","10","0","0","0","0"
"2017-03-16","3","0","0","0","0"
"2017-03-17","5","0","0","0","0"
"2017-03-18","1","0","0","0","0"
"2017-03-19","5","1","0","0","0"
"2017-03-20","5","0","0","0","0"
"2017-03-21","13","1","0","0","0"
"2017-03-22","7","6","0","0","0"
"2017-03-23","6","1","0","0","0"
"2017-03-24","4","0","0","0","0"
"2017-03-25","5","0","0","0","0"
"2017-03-26","4","1","1","0","0"
"2017-03-27","13","1","0","0","0"
"2017-03-28","8","0","0","0","0"
"2017-03-29","8","0","0","0","1"
"2017-03-30","6","0","0","0","0"
"2017-03-31","19","0","0","0","1"
"2017-04-01","5","0","0","0","0"
"2017-04-02","15","0","0","0","0"
"2017-04-03","15","0","0","0","0"
"2017-04-04","15","0","0","0","0"
"2017-04-05","6","0","0","0","0"
"2017-04-06","5","0","0","0","0"
"2017-04-07","4","0","0","0","0"
"2017-04-08","5","0","1","0","0"
"2017-04-09","12","0","0","0","0"
"2017-04-10","4","0","0","0","0"
"2017-04-11","7","0","0","0","0"
"2017-04-12","3","0","0","0","0"
"2017-04-13","3","0","0","0","0"
"2017-04-14","5","0","0","0","0"
"2017-04-15","0","0","0","0","0"
"2017-04-16","0","0","0","0","0"
"2017-04-17","0","0","0","0","0"
"2017-04-18","2","0","0","0","0"
"2017-04-19","5","0","0","0","0"
"2017-04-20","11","0","0","0","0"
"2017-04-21","5","1","1","0","0"
"2017-04-22","2","0","1","0","0"
"2017-04-23","8","4","0","0","0"
"2017-04-24","26","0","0","0","0"
"2017-04-25","5","0","0","0","0"
"2017-04-26","4","2","0","0","0"
"2017-04-27","7","0","2","0","0"
"2017-04-28","11","0","1","0","0"
"2017-04-29","10","0","0","0","0"
"2017-04-30","6","0","0","0","0"
"2017-05-01","6","0","0","0","0"
"2017-05-02","5","0","0","0","0"
"2017-05-03","6","0","0","0","0"
"2017-05-04","6","0","0","0","0"
"2017-05-05","6","0","1","0","0"
"2017-05-06","11","0","0","0","0"
"2017-05-07","6","0","0","0","0"
"2017-05-08","6","0","0","0","0"
"2017-05-09","4","0","0","0","0"
"2017-05-10","7","0","0","0","0"
"2017-05-11","1","0","0","0","0"
"2017-05-12","2","0","0","0","0"
"2017-05-13","7","0","0","0","0"
"2017-05-14","5","1","0","0","0"
"2017-05-15","7","0","0","0","0"
"2017-05-16","16","0","1","0","1"
"2017-05-17","9","0","1","0","0"
"2017-05-18","3","1","0","0","0"
"2017-05-19","7","0","0","0","0"
"2017-05-20","3","0","0","0","0"
"2017-05-21","4","1","1","0","0"
"2017-05-22","4","0","0","0","0"
"2017-05-23","10","0","0","0","0"
"2017-05-24","6","2","0","0","1"
"2017-05-25","4","2","0","0","0"
"2017-05-26","4","0","0","0","0"
"2017-05-27","3","0","0","0","0"
"2017-05-28","6","0","0","0","0"
"2017-05-29","7","0","0","0","0"
"2017-05-30","4","0","0","0","0"
"2017-05-31","7","0","0","0","0"
"2017-06-01","0","0","0","0","0"
"2017-06-02","0","0","0","0","0"
"2017-06-03","5","1","0","0","0"
"2017-06-04","4","0","0","0","0"
"2017-06-05","3","1","0","0","0"
"2017-06-06","1","0","0","0","0"
"2017-06-07","6","0","0","0","0"
"2017-06-08","6","0","0","0","0"
"2017-06-09","7","0","0","0","0"
"2017-06-10","4","0","1","0","1"
"2017-06-11","6","0","0","0","0"
"2017-06-12","7","0","0","0","0"
"2017-06-13","5","0","0","0","0"
"2017-06-14","5","0","0","0","0"
"2017-06-15","5","0","0","0","0"
"2017-06-16","3","0","1","0","0"
"2017-06-17","7","0","0","0","0"
"2017-06-18","8","0","0","0","0"
"2017-06-19","8","0","0","0","0"
"2017-06-20","3","0","0","0","0"
"2017-06-21","1","0","0","0","0"
"2017-06-22","0","0","0","0","0"
"2017-06-23","4","0","0","0","0"
"2017-06-24","2","1","0","0","0"
"2017-06-25","2","1","1","0","0"
"2017-06-26","4","0","0","0","0"
"2017-06-27","5","0","0","0","0"
"2017-06-28","2","0","0","0","0"
"2017-06-29","6","0","0","0","0"
"2017-06-30","5","0","0","0","0"
"2017-07-01","4","0","0","0","0"
"2017-07-02","10","0","0","0","0"
"2017-07-03","7","0","0","0","0"
"2017-07-04","6","0","0","0","0"
"2017-07-05","1","0","1","0","0"
"2017-07-06","4","0","0","0","1"
"2017-07-07","2","0","0","0","0"
"2017-07-08","1","0","0","0","0"
"2017-07-09","1","1","0","0","0"
"2017-07-10","4","1","0","0","0"
"2017-07-11","5","1","0","0","0"
"2017-07-12","4","0","0","0","0"
"2017-07-13","6","0","0","0","0"
"2017-07-14","1","0","0","0","0"
"2017-07-15","3","0","0","0","0"
"2017-07-16","5","0","0","0","0"
"2017-07-17","2","0","0","0","0"
"2017-07-18","1","0","0","0","0"
"2017-07-19","1","0","0","0","0"
"2017-07-20","2","0","0","0","0"
"2017-07-21","0","0","0","0","0"
"2017-07-22","1","0","0","0","0"
"2017-07-23","3","0","0","0","0"
"2017-07-24","1","0","0","0","0"
"2017-07-25","2","0","0","0","0"
"2017-07-26","6","0","0","0","0"
"2017-07-27","4","0","0","0","0"
"2017-07-28","2","0","0","0","0"
"2017-07-29","3","0","0","0","0"
"2017-07-30","2","0","0","0","0"
"2017-07-31","5","0","0","0","0"
"2017-08-01","0","1","1","0","0"
"2017-08-02","0","0","0","0","0"
"2017-08-03","0","0","0","0","0"
"2017-08-04","4","0","0","0","0"
"2017-08-05","5","0","1","0","0"
"2017-08-06","2","0","0","0","0"
"2017-08-07","0","2","0","0","0"
"2017-08-08","1","0","1","0","0"
"2017-08-09","0","0","1","0","0"
"2017-08-10","2","0","0","0","0"
"2017-08-11","3","0","0","0","0"
"2017-08-12","1","0","0","0","0"
"2017-08-13","0","0","0","0","0"
"2017-08-14","2","0","0","0","0"
"2017-08-15","2","1","0","0","0"
"2017-08-16","3","0","0","0","0"
"2017-08-17","3","0","0","0","0"
"2017-08-18","0","0","0","0","0"
"2017-08-19","2","0","0","0","0"
"2017-08-20","2","0","0","0","0"
"2017-08-21","3","0","3","0","0"
"2017-08-22","3","0","0","0","0"
"2017-08-23","2","0","1","0","0"
"2017-08-24","1","0","0","0","0"
"2017-08-25","3","0","1","0","0"
"2017-08-26","3","0","0","0","0"
"2017-08-27","0","0","0","0","0"
"2017-08-28","1","1","0","0","0"
"2017-08-29","0","0","0","0","0"
"2017-08-30","1","0","1","0","0"
"2017-08-31","4","0","0","0","0"
"2017-09-01","3","1","0","0","0"
"2017-09-02","6","1","1","0","0"
"2017-09-03","2","0","0","0","0"
"2017-09-04","1","2","0","0","0"
"2017-09-05","3","0","0","0","0"
"2017-09-06","5","0","0","0","0"
"2017-09-07","2","0","1","0","0"
"2017-09-08","3","0","0","0","0"
"2017-09-09","3","0","0","0","0"
"2017-09-10","1","1","0","0","0"
"2017-09-11","3","0","0","0","0"
"2017-09-12","5","0","0","0","0"
"2017-09-13","3","1","0","0","0"
"2017-09-14","2","1","0","0","0"
"2017-09-15","3","0","0","0","0"
"2017-09-16","1","0","0","0","0"
"2017-09-17","2","0","0","0","0"
"2017-09-18","1","0","0","0","0"
"2017-09-19","7","0","0","0","0"
"2017-09-20","2","0","0","0","0"
"2017-09-21","2","0","0","0","0"
"2017-09-22","5","0","0","0","0"
"2017-09-23","8","0","0","0","0"
"2017-09-24","3","0","0","0","0"
"2017-09-25","7","1","0","0","0"
"2017-09-26","4","0","0","0","0"
"2017-09-27","16","1","0","0","0"
"2017-09-28","3","0","0","0","0"
"2017-09-29","3","1","1","0","0"
"2017-09-30","6","0","0","0","0"
"2017-10-01","6","0","0","0","0"
"2017-10-02","4","0","0","0","0"
"2017-10-03","0","0","0","0","0"
"2017-10-04","7","0","0","0","0"
"2017-10-05","1","0","0","0","0"
"2017-10-06","1","0","0","0","0"
"2017-10-07","7","0","0","0","0"
"2017-10-08","8","1","0","0","0"
"2017-10-09","4","0","0","0","0"
"2017-10-10","4","0","0","0","0"
"2017-10-11","2","1","0","0","1"
"2017-10-12","5","0","0","0","0"
"2017-10-13","3","1","0","0","0"
"2017-10-14","6","0","0","0","0"
"2017-10-15","3","0","0","0","0"
"2017-10-16","5","0","0","0","0"
"2017-10-17","3","0","0","0","0"
"2017-10-18","7","0","0","0","0"
"2017-10-19","8","0","0","0","0"
"2017-10-20","6","0","0","0","0"
"2017-10-21","8","1","0","0","0"
"2017-10-22","2","0","0","0","0"
"2017-10-23","12","0","0","0","0"
"2017-10-24","4","0","0","0","0"
"2017-10-25","2","0","0","0","0"
"2017-10-26","0","0","0","0","0"
"2017-10-27","1","0","0","0","0"
"2017-10-28","6","0","0","0","0"
"2017-10-29","5","0","1","0","0"
"2017-10-30","5","1","0","0","0"
"2017-10-31","4","0","0","0","0"
"2017-11-01","5","0","0","0","0"
"2017-11-02","7","0","0","0","0"
"2017-11-03","5","0","0","0","0"
"2017-11-04","7","0","0","0","0"
"2017-11-05","3","0","0","0","0"
"2017-11-06","2","1","0","0","0"
"2017-11-07","0","0","0","0","0"
"2017-11-08","3","1","0","0","0"
"2017-11-09","5","0","0","0","0"
"2017-11-10","2","0","0","0","0"
"2017-11-11","3","0","0","0","0"
"2017-11-12","4","0","0","0","0"
"2017-11-13","11","0","0","0","0"
"2017-11-14","7","1","0","0","0"
"2017-11-15","6","0","0","0","0"
"2017-11-16","10","0","0","0","0"
"2017-11-17","3","0","0","0","0"
"2017-11-18","4","0","0","0","0"
"2017-11-19","9","0","0","0","1"
"2017-11-20","2","0","0","0","0"
"2017-11-21","2","0","0","0","0"
"2017-11-22","5","1","0","0","0"
"2017-11-23","3","0","0","0","0"
"2017-11-24","3","0","0","0","0"
"2017-11-25","3","0","0","0","0"
"2017-11-26","3","0","0","0","0"
"2017-11-27","5","0","0","0","0"
"2017-11-28","4","1","0","0","0"
"2017-11-29","7","0","0","0","0"
"2017-11-30","9","5","0","0","0"
"2017-12-01","1","1","0","0","1"
"2017-12-02","3","2","0","0","0"
"2017-12-03","9","3","0","0","0"
"2017-12-04","19","0","0","0","0"
"2017-12-05","2","1","0","0","0"
"2017-12-06","5","0","0","0","0"
"2017-12-07","9","1","0","0","0"
"2017-12-08","5","0","0","0","0"
"2017-12-09","2","2","0","0","0"
"2017-12-10","4","1","0","0","0"
"2017-12-11","7","1","0","0","0"
"2017-12-12","6","0","0","0","0"
"2017-12-13","7","1","0","0","0"
"2017-12-14","2","0","0","0","0"
"2017-12-15","7","4","0","0","0"
"2017-12-16","7","1","0","0","0"
"2017-12-17","10","2","0","1","0"
"2017-12-18","4","0","0","0","0"
"2017-12-19","9","2","0","0","0"
"2017-12-20","6","2","0","0","0"
"2017-12-21","6","1","0","1","0"
"2017-12-22","7","0","0","0","0"
"2017-12-23","8","0","0","0","0"
"2017-12-24","10","0","0","0","0"
"2017-12-25","7","1","0","0","0"
"2017-12-26","5","0","0","0","0"
"2017-12-27","9","0","0","0","0"
"2017-12-28","8","0","0","0","0"
"2017-12-29","7","0","0","0","0"
"2017-12-30","3","1","0","0","0"
"2017-12-31","0","1","0","0","0"
"2018-01-01","3","0","0","0","0"
"2018-01-02","7","0","0","0","0"
"2018-01-03","13","27","0","1","4"
"2018-01-04","16","24","0","0","1"
"2018-01-05","13","2","1","0","1"
"2018-01-06","18","2","0","0","2"
"2018-01-07","9","3","0","1","0"
"2018-01-08","4","0","0","0","0"
"2018-01-09","5","0","0","0","0"
"2018-01-10","5","0","0","0","0"
"2018-01-11","5","0","0","0","0"
"2018-01-12","2","0","0","0","0"
"2018-01-13","13","0","0","0","0"
"2018-01-14","11","0","0","0","0"
"2018-01-15","10","0","0","0","1"
"2018-01-16","8","0","0","0","1"
"2018-01-17","6","1","0","0","0"
"2018-01-18","15","0","0","0","0"
"2018-01-19","5","1","0","0","0"
"2018-01-20","8","0","0","0","0"
"2018-01-21","8","5","0","0","0"
"2018-01-22","7","1","0","0","0"
"2018-01-23","4","2","0","0","0"
"2018-01-24","7","3","0","0","0"
"2018-01-25","6","1","0","2","0"
"2018-01-26","3","1","0","0","0"
"2018-01-27","5","0","0","0","0"
"2018-01-28","7","0","0","0","0"
"2018-01-29","4","0","0","0","0"
"2018-01-30","16","0","0","0","0"
"2018-01-31","5","0","0","0","0"
"2018-02-01","6","0","0","0","0"
"2018-02-02","1","2","0","0","0"
"2018-02-03","3","1","0","0","0"
"2018-02-04","3","0","0","0","0"
"2018-02-05","6","0","0","0","0"
"2018-02-06","3","1","0","0","0"
"2018-02-07","3","0","0","0","0"
"2018-02-08","14","8","0","0","0"
"2018-02-09","4","6","0","1","0"
"2018-02-10","4","2","0","0","0"
"2018-02-11","8","1","0","0","2"
"2018-02-12","8","0","0","0","0"
"2018-02-13","10","0","0","0","0"
"2018-02-14","13","3","0","0","0"
"2018-02-15","11","0","0","0","0"
"2018-02-16","2","0","0","0","0"
"2018-02-17","6","0","0","0","0"
"2018-02-18","8","1","0","0","0"
"2018-02-19","8","1","0","0","0"
"2018-02-20","5","1","0","1","0"
"2018-02-21","5","0","0","0","0"
"2018-02-22","12","0","0","0","0"
"2018-02-23","6","0","0","0","0"
"2018-02-24","7","0","0","0","0"
"2018-02-25","6","1","0","0","0"
"2018-02-26","18","1","0","0","0"
"2018-02-27","14","1","0","0","0"
"2018-02-28","23","1","0","0","0"
"2018-03-01","8","1","0","0","0"
"2018-03-02","16","2","0","0","0"
"2018-03-03","8","0","0","1","0"
"2018-03-04","8","0","0","0","0"
"2018-03-05","7","3","0","0","1"
"2018-03-06","6","0","0","0","0"
"2018-03-07","6","0","0","0","0"
"2018-03-08","3","0","0","0","0"
"2018-03-09","11","0","0","0","0"
"2018-03-10","17","3","0","0","0"
"2018-03-11","4","0","0","0","0"
"2018-03-12","12","1","0","0","0"
"2018-03-13","9","0","0","0","0"
"2018-03-14","11","0","0","0","0"
"2018-03-15","4","8","0","0","0"
"2018-03-16","7","4","0","0","0"
"2018-03-17","6","1","0","0","0"
"2018-03-18","9","0","0","0","0"
"2018-03-19","4","0","0","0","0"
"2018-03-20","2","0","0","0","0"
"2018-03-21","9","0","0","0","0"
"2018-03-22","8","0","0","0","0"
"2018-03-23","11","3","0","0","0"
"2018-03-24","4","0","0","0","0"
"2018-03-25","4","4","0","0","0"
"2018-03-26","8","0","0","0","0"
"2018-03-27","4","1","0","0","0"
"2018-03-28","8","1","0","0","0"
"2018-03-29","11","1","0","0","0"
"2018-03-30","9","0","0","0","0"
"2018-03-31","15","0","0","2","0"
"2018-04-01","12","3","0","0","0"
"2018-04-02","4","0","0","0","0"
"2018-04-03","8","0","0","0","0"
"2018-04-04","2","0","0","0","0"
"2018-04-05","8","1","0","0","0"
"2018-04-06","13","1","0","0","0"
"2018-04-07","5","0","0","0","0"
"2018-04-08","4","0","0","0","1"
"2018-04-09","6","0","0","0","0"
"2018-04-10","5","7","0","0","0"
"2018-04-11","6","0","0","0","0"
"2018-04-12","1","0","0","0","0"
"2018-04-13","5","1","0","0","0"
"2018-04-14","3","0","0","0","0"
"2018-04-15","4","1","0","0","0"
"2018-04-16","7","3","0","0","0"
"2018-04-17","3","2","0","0","0"
"2018-04-18","7","1","0","0","0"
"2018-04-19","10","2","0","0","0"
"2018-04-20","10","0","0","0","0"
"2018-04-21","4","1","0","0","0"
"2018-04-22","6","0","0","0","0"
"2018-04-23","5","0","0","0","0"
"2018-04-24","15","1","0","0","0"
"2018-04-25","3","1","0","0","0"
"2018-04-26","4","0","0","0","0"
"2018-04-27","7","0","0","0","0"
"2018-04-28","3","2","0","0","0"
"2018-04-29","4","0","0","0","0"
"2018-04-30","5","1","0","0","0"
"2018-05-01","10","1","0","0","0"
"2018-05-02","6","1","0","0","0"
"2018-05-03","7","0","0","0","0"
"2018-05-04","10","0","0","0","0"
"2018-05-05","5","1","0","0","0"
"2018-05-06","8","3","0","0","0"
"2018-05-07","4","0","0","0","0"
"2018-05-08","5","0","0","0","0"
"2018-05-09","2","0","0","0","0"
"2018-05-10","12","0","0","0","0"
"2018-05-11","2","1","0","0","0"
"2018-05-12","8","0","0","0","0"
"2018-05-13","7","0","0","1","0"
"2018-05-14","5","0","0","0","0"
"2018-05-15","10","0","0","0","0"
"2018-05-16","6","0","0","0","0"
"2018-05-17","6","1","0","0","0"
"2018-05-18","5","0","0","0","0"
"2018-05-19","14","0","0","0","0"
"2018-05-20","6","0","0","0","0"
"2018-05-21","7","1","0","0","0"
"2018-05-22","9","1","0","0","0"
"2018-05-23","4","0","0","0","0"
"2018-05-24","0","0","0","0","0"
"2018-05-25","5","2","0","0","0"
"2018-05-26","6","0","0","0","0"
"2018-05-27","2","0","0","0","0"
"2018-05-28","2","0","0","0","0"
"2018-05-29","3","1","0","0","0"
"2018-05-30","3","1","0","0","0"
"2018-05-31","13","0","0","1","0"
"2018-06-01","4","0","0","0","0"
"2018-06-02","4","0","1","0","0"
"2018-06-03","10","0","0","0","0"
"2018-06-04","2","0","0","0","0"
"2018-06-05","7","1","0","0","0"
"2018-06-06","9","0","1","0","1"
"2018-06-07","19","0","0","0","1"
"2018-06-08","5","0","0","0","0"
"2018-06-09","2","0","1","1","1"
"2018-06-10","2","0","0","0","0"
"2018-06-11","2","0","0","0","0"
"2018-06-12","5","1","0","0","0"
"2018-06-13","3","0","0","0","0"
"2018-06-14","9","0","0","0","0"
"2018-06-15","7","0","0","0","0"
"2018-06-16","4","0","0","0","0"
"2018-06-17","2","0","0","0","0"
"2018-06-18","2","0","0","0","0"
"2018-06-19","0","0","0","0","0"
"2018-06-20","7","2","0","0","0"
"2018-06-21","2","0","0","0","0"
"2018-06-22","2","0","0","0","0"
"2018-06-23","0","0","0","0","0"
"2018-06-24","6","0","0","0","1"
"2018-06-25","7","1","0","0","0"
"2018-06-26","0","0","0","0","0"
"2018-06-27","2","0","0","0","0"
"2018-06-28","1","1","0","0","0"
"2018-06-29","1","0","0","0","0"
"2018-06-30","3","0","0","0","0"
"2018-07-01","4","0","0","0","0"
"2018-07-02","6","0","0","0","1"
"2018-07-03","5","0","0","0","0"
"2018-07-04","0","0","0","0","0"
"2018-07-05","3","1","0","0","0"
"2018-07-06","1","1","0","0","0"
"2018-07-07","6","0","0","0","0"
"2018-07-08","2","0","0","0","0"
"2018-07-09","1","1","0","0","0"
"2018-07-10","2","1","0","0","0"
"2018-07-11","3","1","0","0","0"
"2018-07-12","2","0","0","0","0"
"2018-07-13","2","0","0","0","0"
"2018-07-14","1","0","0","0","0"
"2018-07-15","2","0","0","0","0"
"2018-07-16","5","0","0","0","0"
"2018-07-17","1","0","0","0","0"
"2018-07-18","2","1","0","0","1"
"2018-07-19","4","0","0","0","0"
"2018-07-20","3","0","0","0","0"
"2018-07-21","1","0","0","0","0"
"2018-07-22","4","0","0","0","0"
"2018-07-23","4","0","0","0","0"
"2018-07-24","4","0","0","0","0"
"2018-07-25","4","0","0","1","0"
"2018-07-26","0","1","0","0","0"
"2018-07-27","3","2","0","0","0"
"2018-07-28","10","0","0","0","0"
"2018-07-29","3","0","0","0","0"
"2018-07-30","4","0","0","0","0"
"2018-07-31","5","0","0","0","0"
"2018-08-01","7","1","0","0","0"
"2018-08-02","2","0","0","0","0"
"2018-08-03","2","1","0","0","0"
"2018-08-04","3","0","0","0","0"
"2018-08-05","2","1","0","0","0"
"2018-08-06","2","1","0","0","0"
"2018-08-07","4","0","0","0","0"
"2018-08-08","2","0","0","0","0"
"2018-08-09","1","0","0","0","1"
"2018-08-10","0","0","0","0","0"
"2018-08-11","1","0","0","0","0"
"2018-08-12","3","0","0","1","0"
"2018-08-13","1","0","0","0","0"
"2018-08-14","2","1","0","0","0"
"2018-08-15","3","5","0","1","0"
"2018-08-16","2","2","0","0","0"
"2018-08-17","0","0","0","0","0"
"2018-08-18","1","0","0","0","0"
"2018-08-19","5","0","0","0","0"
"2018-08-20","17","0","0","0","0"
"2018-08-21","0","0","0","0","0"
"2018-08-22","5","0","0","0","0"
"2018-08-23","4","1","0","0","0"
"2018-08-24","1","0","0","0","0"
"2018-08-25","1","0","0","0","0"
"2018-08-26","0","0","0","0","0"
"2018-08-27","2","0","0","2","0"
"2018-08-28","5","0","0","0","0"
"2018-08-29","4","0","0","0","0"
"2018-08-30","0","1","0","0","0"
"2018-08-31","1","3","0","0","0"
"2018-09-01","2","1","0","0","0"
"2018-09-02","3","1","0","0","0"
"2018-09-03","6","1","0","0","0"
"2018-09-04","2","0","0","0","0"
"2018-09-05","12","0","0","0","0"
"2018-09-06","2","0","0","0","0"
"2018-09-07","1","0","0","1","0"
"2018-09-08","3","0","0","0","0"
"2018-09-09","2","0","0","0","0"
"2018-09-10","1","0","0","1","0"
"2018-09-11","7","0","0","0","0"
"2018-09-12","15","0","0","0","0"
"2018-09-13","14","0","0","0","0"
"2018-09-14","6","0","0","0","0"
"2018-09-15","3","0","0","0","0"
"2018-09-16","6","0","0","0","0"
"2018-09-17","14","0","0","0","0"
"2018-09-18","79","0","0","0","0"
"2018-09-19","28","0","0","1","0"
"2018-09-20","3","0","0","0","0"
"2018-09-21","4","0","0","0","0"
"2018-09-22","5","0","0","0","0"
"2018-09-23","9","0","0","0","0"
"2018-09-24","9","0","0","0","0"
"2018-09-25","3","0","0","0","0"
"2018-09-26","5","0","0","1","0"
"2018-09-27","5","0","0","0","0"
"2018-09-28","7","1","0","0","0"
"2018-09-29","7","0","0","0","0"
"2018-09-30","5","0","0","0","0"
"2018-10-01","34","0","0","1","0"
"2018-10-02","70","0","0","0","0"
"2018-10-03","27","0","0","0","0"
"2018-10-04","18","1","0","0","0"
"2018-10-05","6","1","0","0","0"
"2018-10-06","9","0","0","0","0"
"2018-10-07","14","0","0","0","0"
"2018-10-08","4","1","0","0","0"
"2018-10-09","8","1","0","1","0"
"2018-10-10","12","0","0","1","0"
"2018-10-11","8","0","0","0","0"
"2018-10-12","9","0","0","0","0"
"2018-10-13","9","0","0","1","0"
"2018-10-14","13","0","0","0","0"
"2018-10-15","8","0","0","0","0"
"2018-10-16","5","0","0","0","0"
"2018-10-17","7","0","0","1","0"
"2018-10-18","6","1","0","0","0"
"2018-10-19","4","1","0","0","0"
"2018-10-20","7","0","0","2","0"
"2018-10-21","7","0","0","0","0"
"2018-10-22","2","1","0","0","0"
"2018-10-23","5","1","0","0","0"
"2018-10-24","5","0","0","0","0"
"2018-10-25","7","0","0","0","0"
"2018-10-26","4","0","0","2","0"
"2018-10-27","4","0","0","0","0"
"2018-10-28","5","0","0","0","0"
"2018-10-29","4","0","0","1","0"
"2018-10-30","2","0","0","0","0"
"2018-10-31","2","0","0","0","0"
"2018-11-01","4","0","0","0","0"
"2018-11-02","9","0","0","1","0"
"2018-11-03","5","0","0","0","0"
"2018-11-04","3","1","0","0","0"
"2018-11-05","6","0","0","1","0"
"2018-11-06","9","4","0","1","0"
"2018-11-07","3","0","0","0","0"
"2018-11-08","8","1","0","0","0"
"2018-11-09","2","0","0","2","0"
"2018-11-10","6","0","0","0","0"
"2018-11-11","9","0","0","0","0"
"2018-11-12","5","1","0","1","0"
"2018-11-13","8","0","0","0","0"
"2018-11-14","6","0","0","0","0"
"2018-11-15","3","0","0","0","0"
"2018-11-16","3","0","0","0","0"
"2018-11-17","6","0","0","0","0"
"2018-11-18","11","0","0","0","0"
"2018-11-19","5","0","0","0","1"
"2018-11-20","2","0","0","0","0"
"2018-11-21","4","0","0","0","0"
"2018-11-22","4","0","0","0","0"
"2018-11-23","10","0","0","0","0"
"2018-11-24","6","0","0","0","0"
"2018-11-25","3","0","0","0","0"
"2018-11-26","4","0","0","0","0"
"2018-11-27","2","0","0","0","0"
"2018-11-28","1","1","0","0","0"
"2018-11-29","4","1","0","1","0"
"2018-11-30","3","0","0","0","0"
"2018-12-01","4","0","0","0","0"
"2018-12-02","2","1","0","0","0"
"2018-12-03","4","0","0","0","0"
"2018-12-04","3","1","0","0","0"
"2018-12-05","7","0","0","0","0"
"2018-12-06","2","0","0","1","0"
"2018-12-07","2","1","0","0","0"
"2018-12-08","3","3","0","2","0"
"2018-12-09","7","1","0","0","0"
"2018-12-10","6","1","0","0","0"
"2018-12-11","4","2","0","0","0"
"2018-12-12","4","0","0","0","0"
"2018-12-13","6","1","0","0","0"
"2018-12-14","5","1","0","0","0"
"2018-12-15","4","1","0","1","0"
"2018-12-16","1","0","0","1","0"
"2018-12-17","4","2","0","0","0"
"2018-12-18","2","1","0","0","0"
"2018-12-19","4","1","0","0","0"
"2018-12-20","4","0","0","0","0"
"2018-12-21","4","0","0","1","0"
"2018-12-22","3","0","0","0","0"
"2018-12-23","4","1","0","0","0"
"2018-12-24","5","0","0","0","0"
"2018-12-25","1","0","0","0","0"
"2018-12-26","3","0","0","0","0"
"2018-12-27","2","1","0","0","0"
"2018-12-28","2","6","0","0","0"
"2018-12-29","6","0","0","0","0"
"2018-12-30","3","1","0","0","0"
"2018-12-31","3","3","0","0","0"
"2019-01-01","5","3","0","0","0"
"2019-01-02","1","1","0","0","0"
"2019-01-03","2","2","0","0","0"
"2019-01-04","5","0","0","0","0"
"2019-01-05","7","0","0","0","0"
"2019-01-06","6","1","0","0","0"
"2019-01-07","8","0","0","0","0"
"2019-01-08","0","0","0","0","0"
"2019-01-09","5","0","0","0","0"
"2019-01-10","5","1","0","0","0"
"2019-01-11","8","2","0","0","0"
"2019-01-12","5","0","0","0","0"
"2019-01-13","23","2","0","1","0"
"2019-01-14","13","2","0","0","0"
"2019-01-15","11","2","0","0","0"
"2019-01-16","9","1","0","0","0"
"2019-01-17","10","0","0","0","0"
"2019-01-18","8","1","0","0","0"
"2019-01-19","5","0","0","0","0"
"2019-01-20","12","0","0","0","0"
"2019-01-21","0","1","0","0","0"
"2019-01-22","4","1","0","1","0"
"2019-01-23","7","2","0","0","0"
"2019-01-24","6","0","0","0","0"
"2019-01-25","3","2","0","0","0"
"2019-01-26","3","1","0","0","1"
"2019-01-27","7","4","0","0","1"
"2019-01-28","1","5","0","0","0"
"2019-01-29","6","6","0","1","0"
"2019-01-30","3","3","0","0","0"
"2019-01-31","6","3","0","0","0"
"2019-02-01","3","3","0","0","0"
"2019-02-02","6","3","0","0","0"
"2019-02-03","1","2","0","1","0"
"2019-02-04","3","0","0","3","0"
"2019-02-05","3","1","0","1","0"
"2019-02-06","4","4","0","0","0"
"2019-02-07","0","3","0","0","0"
"2019-02-08","6","1","0","0","0"
"2019-02-09","6","4","0","1","0"
"2019-02-10","6","0","0","0","0"
"2019-02-11","5","0","0","0","0"
"2019-02-12","7","5","0","0","0"
"2019-02-13","8","0","0","0","0"
"2019-02-14","9","2","0","0","0"
"2019-02-15","3","3","0","1","0"
"2019-02-16","7","1","0","0","0"
"2019-02-17","9","6","0","1","0"
"2019-02-18","22","3","0","0","0"
"2019-02-19","27","3","0","0","0"
"2019-02-20","9","1","0","0","0"
"2019-02-21","6","0","0","0","0"
"2019-02-22","7","2","0","0","0"
"2019-02-23","12","2","0","0","0"
"2019-02-24","13","1","0","1","0"
"2019-02-25","6","1","0","0","0"
"2019-02-26","9","2","0","0","0"
"2019-02-27","12","7","0","0","0"
"2019-02-28","4","2","0","0","0"
"2019-03-01","5","1","0","0","1"
"2019-03-02","6","3","0","0","0"
"2019-03-03","8","2","0","0","0"
"2019-03-04","11","0","0","0","0"
"2019-03-05","8","3","0","1","0"
"2019-03-06","9","1","0","0","0"
"2019-03-07","4","2","0","0","0"
"2019-03-08","5","1","0","0","0"
"2019-03-09","9","0","0","0","0"
"2019-03-10","6","0","0","0","0"
"2019-03-11","7","1","0","0","0"
"2019-03-12","7","1","0","0","0"
"2019-03-13","5","1","0","0","0"
"2019-03-14","3","1","0","0","0"
"2019-03-15","3","1","0","0","0"
"2019-03-16","0","2","0","0","0"
"2019-03-17","2","3","0","0","0"
"2019-03-18","12","1","0","0","0"
"2019-03-19","9","3","0","0","0"
"2019-03-20","6","1","0","0","0"
"2019-03-21","3","7","0","0","0"
"2019-03-22","5","5","0","0","1"
"2019-03-23","6","0","0","0","0"
"2019-03-24","2","0","0","0","0"
"2019-03-25","4","0","0","0","0"
"2019-03-26","5","0","0","0","0"
"2019-03-27","9","0","0","1","0"
"2019-03-28","7","0","0","0","0"
"2019-03-29","6","0","0","0","0"
"2019-03-30","7","0","0","1","0"
"2019-03-31","11","0","0","0","0"
"2019-04-01","1","0","0","0","0"
"2019-04-02","4","0","0","0","0"
"2019-04-03","3","0","0","1","0"
"2019-04-04","2","0","0","0","0"
"2019-04-05","5","0","0","0","0"
"2019-04-06","5","0","0","0","0"
"2019-04-07","7","0","0","0","0"
"2019-04-08","2","0","0","0","0"
"2019-04-09","4","0","0","0","0"
"2019-04-10","3","1","0","0","0"
"2019-04-11","3","1","0","0","0"
"2019-04-12","3","1","0","0","0"
"2019-04-13","2","1","0","0","0"
"2019-04-14","1","0","0","0","0"
"2019-04-15","6","0","0","0","0"
"2019-04-16","3","1","0","0","0"
"2019-04-17","6","0","0","0","0"
"2019-04-18","6","1","0","0","0"
"2019-04-19","5","0","0","0","0"
"2019-04-20","5","0","0","0","0"
"2019-04-21","2","0","0","0","0"
"2019-04-22","7","1","0","0","0"
"2019-04-23","3","4","0","1","0"
"2019-04-24","6","1","0","0","0"
"2019-04-25","6","0","0","0","0"
"2019-04-26","6","1","0","0","0"
"2019-04-27","4","1","0","0","0"
"2019-04-28","6","1","0","0","0"
"2019-04-29","6","0","0","0","0"
"2019-04-30","2","0","0","1","0"
"2019-05-01","3","0","0","0","0"
"2019-05-02","1","0","0","0","0"
"2019-05-03","3","0","0","0","0"
"2019-05-04","3","1","0","0","0"
"2019-05-05","3","0","0","2","0"
"2019-05-06","2","0","0","0","0"
"2019-05-07","4","0","0","0","0"
"2019-05-08","0","1","0","0","0"
"2019-05-09","3","1","0","1","0"
"2019-05-10","4","0","0","0","0"
"2019-05-11","4","0","0","0","0"
"2019-05-12","1","0","0","0","0"
"2019-05-13","5","0","0","1","0"
"2019-05-14","1","0","0","0","0"
"2019-05-15","5","0","0","0","0"
"2019-05-16","4","0","0","0","0"
"2019-05-17","3","0","0","0","0"
"2019-05-18","2","1","0","0","0"
"2019-05-19","2","0","0","0","0"
"2019-05-20","3","1","0","0","0"
"2019-05-21","1","0","0","0","0"
"2019-05-22","7","0","0","0","0"
"2019-05-23","0","0","0","0","0"
"2019-05-24","1","0","0","0","0"
"2019-05-25","3","0","0","0","0"
"2019-05-26","2","0","0","0","0"
"2019-05-27","3","0","0","0","0"
"2019-05-28","2","0","0","0","0"
"2019-05-29","4","0","0","0","0"
"2019-05-30","7","0","0","0","0"
"2019-05-31","15","0","0","0","0"
"2019-06-01","6","0","0","0","0"
"2019-06-02","5","1","0","1","0"
"2019-06-03","3","0","0","0","0"
"2019-06-04","2","0","0","0","0"
"2019-06-05","0","1","0","0","0"
"2019-06-06","1","1","0","0","0"
"2019-06-07","0","0","0","0","0"
"2019-06-08","1","0","0","0","0"
"2019-06-09","1","0","0","0","0"
"2019-06-10","3","0","0","0","0"
"2019-06-11","3","0","0","0","0"
"2019-06-12","1","1","0","1","0"
"2019-06-13","2","0","0","0","0"
"2019-06-14","6","0","0","0","0"
"2019-06-15","5","0","0","0","0"
"2019-06-16","5","0","0","0","0"
"2019-06-17","6","0","0","0","0"
"2019-06-18","3","1","0","0","0"
"2019-06-19","4","0","0","0","0"
"2019-06-20","2","0","0","0","0"
"2019-06-21","1","1","0","0","0"
"2019-06-22","6","0","0","0","0"
"2019-06-23","1","0","0","0","0"
"2019-06-24","1","0","0","0","0"
"2019-06-25","3","0","0","0","0"
"2019-06-26","4","0","0","0","0"
"2019-06-27","2","0","0","0","0"
"2019-06-28","5","0","0","0","0"
"2019-06-29","3","0","0","0","0"
"2019-06-30","0","1","0","0","0"
"2019-07-01","1","0","0","0","0"
"2019-07-02","0","0","0","0","0"
"2019-07-03","2","0","0","0","0"
"2019-07-04","2","0","0","0","0"
"2019-07-05","5","0","0","0","0"
"2019-07-06","6","0","0","0","0"
"2019-07-07","4","0","0","0","0"
"2019-07-08","0","0","0","0","0"
"2019-07-09","0","0","0","0","0"
"2019-07-10","5","2","0","0","0"
"2019-07-11","2","0","0","0","0"
"2019-07-12","1","0","0","0","0"
"2019-07-13","3","1","0","0","0"
"2019-07-14","2","1","0","0","0"
"2019-07-15","1","0","0","0","0"
"2019-07-16","0","0","0","0","0"
"2019-07-17","3","0","0","0","0"
"2019-07-18","0","0","0","0","0"
"2019-07-19","3","0","0","0","0"
"2019-07-20","4","0","0","0","0"
"2019-07-21","1","0","0","0","0"
"2019-07-22","1","1","0","0","0"
"2019-07-23","0","0","0","0","0"
"2019-07-24","0","0","0","0","0"
"2019-07-25","1","0","0","0","0"
"2019-07-26","0","2","0","0","0"
"2019-07-27","0","1","0","0","0"
"2019-07-28","0","0","0","0","0"
"2019-07-29","0","0","0","0","0"
"2019-07-30","2","0","0","0","0"
"2019-07-31","2","0","0","1","0"
"2019-08-01","2","0","0","0","0"
"2019-08-02","2","0","0","0","0"
"2019-08-03","4","0","0","0","0"
"2019-08-04","3","0","0","0","0"
"2019-08-05","3","1","0","0","0"
"2019-08-06","1","0","0","0","0"
"2019-08-07","0","0","0","0","0"
"2019-08-08","2","0","0","0","0"
"2019-08-09","1","1","0","0","0"
"2019-08-10","2","0","0","2","0"
"2019-08-11","2","0","0","0","1"
"2019-08-12","4","1","0","0","0"
"2019-08-13","2","6","0","0","0"
"2019-08-14","2","2","0","0","0"
"2019-08-15","1","1","0","0","0"
"2019-08-16","0","1","0","0","0"
"2019-08-17","3","1","0","0","0"
"2019-08-18","1","0","0","0","0"
"2019-08-19","4","0","0","1","0"
"2019-08-20","2","0","0","0","0"
"2019-08-21","1","0","0","0","0"
"2019-08-22","5","1","0","0","0"
"2019-08-23","1","0","0","0","0"
"2019-08-24","4","0","0","0","1"
"2019-08-25","0","0","0","0","0"
"2019-08-26","1","1","0","0","0"
"2019-08-27","3","0","0","0","0"
"2019-08-28","5","1","0","0","0"
"2019-08-29","1","0","0","0","0"
"2019-08-30","0","0","0","0","0"
"2019-08-31","1","0","0","0","0"
"2019-09-01","0","0","0","0","0"
"2019-09-02","7","0","0","1","0"
"2019-09-03","6","0","0","0","0"
"2019-09-04","7","0","0","0","0"
"2019-09-05","15","0","0","0","0"
"2019-09-06","6","1","0","0","0"
"2019-09-07","5","0","0","0","0"
"2019-09-08","5","0","0","0","0"
"2019-09-09","8","0","0","0","0"
"2019-09-10","4","0","0","0","0"
"2019-09-11","10","0","0","0","0"
"2019-09-12","5","0","0","0","0"
"2019-09-13","7","0","0","0","0"
"2019-09-14","8","0","0","0","0"
"2019-09-15","9","0","0","0","0"
"2019-09-16","14","0","0","0","0"
"2019-09-17","6","0","0","0","0"
"2019-09-18","4","0","0","1","0"
"2019-09-19","7","1","0","0","0"
"2019-09-20","2","1","0","0","0"
"2019-09-21","4","0","0","0","0"
"2019-09-22","6","0","0","0","0"
"2019-09-23","8","0","0","0","0"
"2019-09-24","3","0","0","0","0"
"2019-09-25","7","0","0","0","0"
"2019-09-26","3","1","0","0","0"
"2019-09-27","2","2","0","0","0"
"2019-09-28","7","1","0","0","0"
"2019-09-29","3","1","0","1","0"
"2019-09-30","4","1","0","1","0"
"2019-10-01","2","1","0","0","0"
"2019-10-02","6","0","0","1","0"
"2019-10-03","1","1","0","0","0"
"2019-10-04","1","0","0","0","0"
"2019-10-05","3","1","0","0","0"
"2019-10-06","2","1","0","0","0"
"2019-10-07","8","1","0","0","0"
"2019-10-08","7","1","0","0","0"
"2019-10-09","16","0","0","0","1"
"2019-10-10","17","0","0","0","0"
"2019-10-11","8","0","0","0","0"
"2019-10-12","5","1","0","0","0"
"2019-10-13","7","0","0","0","0"
"2019-10-14","8","1","0","0","0"
"2019-10-15","6","0","0","0","0"
"2019-10-16","4","0","0","0","0"
"2019-10-17","13","0","0","0","0"
"2019-10-18","11","0","0","0","0"
"2019-10-19","5","0","0","0","0"
"2019-10-20","4","7","0","0","0"
"2019-10-21","9","4","0","0","0"
"2019-10-22","19","1","0","0","0"
"2019-10-23","6","0","0","0","0"
"2019-10-24","7","1","0","0","0"
"2019-10-25","9","0","0","0","0"
"2019-10-26","7","0","0","0","0"
"2019-10-27","4","1","0","0","0"
"2019-10-28","7","0","0","0","0"
"2019-10-29","6","0","0","1","0"
"2019-10-30","5","0","0","2","0"
"2019-10-31","5","0","0","0","0"
"2019-11-01","7","0","0","0","0"
"2019-11-02","4","0","0","0","0"
"2019-11-03","6","1","0","0","0"
"2019-11-04","11","0","0","0","0"
"2019-11-05","3","0","0","0","0"
"2019-11-06","5","0","0","0","0"
"2019-11-07","5","0","0","0","0"
"2019-11-08","6","2","0","1","0"
"2019-11-09","7","0","0","0","0"
"2019-11-10","5","1","0","0","0"
"2019-11-11","3","1","0","0","0"
"2019-11-12","7","0","0","0","0"
"2019-11-13","3","1","0","0","0"
"2019-11-14","6","0","0","0","0"
"2019-11-15","3","0","0","0","0"
"2019-11-16","2","0","0","0","0"
"2019-11-17","23","0","0","0","0"
"2019-11-18","20","1","0","0","0"
"2019-11-19","6","0","0","1","0"
"2019-11-20","12","1","0","0","0"
"2019-11-21","5","0","0","0","0"
"2019-11-22","2","0","0","0","0"
"2019-11-23","1","0","0","0","0"
"2019-11-24","3","0","0","0","0"
"2019-11-25","2","0","0","0","0"
"2019-11-26","4","1","0","0","0"
"2019-11-27","3","0","0","0","0"
"2019-11-28","3","0","0","0","0"
"2019-11-29","5","0","0","0","0"
"2019-11-30","5","0","0","0","0"
"2019-12-01","0","0","0","0","0"
"2019-12-02","1","0","0","0","0"
"2019-12-03","2","0","0","0","0"
"2019-12-04","6","0","0","0","0"
"2019-12-05","3","0","0","0","0"
"2019-12-06","4","0","0","0","0"
"2019-12-07","1","0","0","0","0"
"2019-12-08","1","0","0","0","0"
"2019-12-09","2","0","0","0","0"
"2019-12-10","3","0","0","0","0"
"2019-12-11","4","0","0","0","0"
"2019-12-12","2","0","0","0","0"
"2019-12-13","1","0","0","0","0"
"2019-12-14","0","0","0","0","0"
"2019-12-15","4","1","0","0","0"
"2019-12-16","3","0","0","0","0"
"2019-12-17","3","1","0","0","0"
"2019-12-18","4","1","0","0","0"
"2019-12-19","0","0","0","0","0"
"2019-12-20","2","0","0","0","0"
"2019-12-21","3","0","0","0","0"
"2019-12-22","2","1","0","0","0"
"2019-12-23","2","0","0","0","0"
"2019-12-24","3","0","0","0","0"
"2019-12-25","4","0","0","0","0"
"2019-12-26","6","0","0","0","0"
"2019-12-27","2","0","0","0","0"
"2019-12-28","2","0","0","0","0"
"2019-12-29","2","0","0","0","0"
"2019-12-30","2","0","0","0","0"
"2019-12-31","1","0","0","0","0"
"2020-01-01","4","0","0","0","0"
"2020-01-02","2","1","0","0","0"
"2020-01-03","2","0","0","0","0"
"2020-01-04","0","0","0","0","0"
"2020-01-05","1","0","0","0","0"
"2020-01-06","3","0","0","0","0"
"2020-01-07","1","0","0","0","0"
"2020-01-08","2","0","0","0","0"
"2020-01-09","3","0","0","0","0"
"2020-01-10","1","0","0","0","0"
"2020-01-11","3","0","0","0","0"
"2020-01-12","0","0","0","0","0"
"2020-01-13","1","0","0","0","0"
"2020-01-14","2","2","0","0","0"
"2020-01-15","7","0","0","0","0"
"2020-01-16","6","0","0","0","0"
"2020-01-17","6","0","0","0","0"
"2020-01-18","5","0","0","0","0"
"2020-01-19","4","0","0","0","0"
"2020-01-20","1","0","0","0","0"
"2020-01-21","1","0","0","0","0"
