id,name,segment,state,city
CG-12520,Claire Gute,Consumer,Kentucky,Henderson
DV-13045,Darrin Van Huff,Corporate,California,Los Angeles
SO-20335,Sean O'Donnell,Consumer,Florida,Fort Lauderdale
BH-11710,Brosina Hoffman,Consumer,California,Los Angeles
AA-10480,Andrew Allen,Consumer,North Carolina,Concord
IM-15070,Irene Maddox,Consumer,Washington,Seattle
HP-14815,Harold Pawlan,Home Office,Texas,Fort Worth
PK-19075,Pete Kriz,Consumer,Wisconsin,Madison
AG-10270,Alejandro Grove,Consumer,Utah,West Jordan
ZD-21925,Zuschuss Donatelli,Consumer,California,San Francisco
KB-16585,Ken Black,Corporate,Nebraska,Fremont
SF-20065,Sandra Flanagan,Consumer,Pennsylvania,Philadelphia
EB-13870,Emily Burns,Consumer,Utah,Orem
EH-13945,Eric Hoffmann,Consumer,California,Los Angeles
TB-21520,Tracy Blumstein,Consumer,Pennsylvania,Philadelphia
MA-17560,Matt Abelman,Home Office,Texas,Houston
GH-14485,Gene Hale,Corporate,Texas,Richardson
SN-20710,Steve Nguyen,Home Office,Texas,Houston
LC-16930,Linda Cazamias,Corporate,Illinois,Naperville
RA-19885,Ruben Ausman,Corporate,California,Los Angeles
ES-14080,Erin Smith,Corporate,Florida,Melbourne
ON-18715,Odella Nelson,Corporate,Minnesota,Eagan
PO-18865,Patrick O'Donnell,Consumer,Michigan,Westland
LH-16900,Lena Hernandez,Consumer,Delaware,Dover
DP-13000,Darren Powers,Consumer,Indiana,New Albany
JM-15265,Janet Molinari,Corporate,New York,New York City
TB-21055,Ted Butterfield,Consumer,New York,Troy
KM-16720,Kunst Miller,Consumer,California,Los Angeles
PS-18970,Paul Stevenson,Home Office,Illinois,Chicago
BS-11590,Brendan Sweed,Corporate,Arizona,Gilbert
KD-16270,Karen Daniels,Consumer,Virginia,Springfield
HM-14980,Henry MacAllister,Consumer,New York,New York City
JE-15745,Joel Eaton,Consumer,Tennessee,Memphis
KB-16600,Ken Brennan,Corporate,Texas,Houston
SC-20770,Stewart Carmichael,Corporate,Alabama,Decatur
DN-13690,Duane Noonan,Consumer,California,San Francisco
JC-16105,Julie Creighton,Corporate,North Carolina,Durham
CS-12400,Christopher Schild,Home Office,Illinois,Chicago
PG-18895,Paul Gonzalez,Consumer,Minnesota,Rochester
GM-14455,Gary Mitchum,Home Office,Texas,Houston
JS-15685,Jim Sink,Corporate,California,Los Angeles
KB-16315,Karl Braun,Consumer,Minnesota,Minneapolis
RB-19705,Roger Barcio,Home Office,Oregon,Portland
PN-18775,Parhena Norris,Home Office,New York,New York City
KD-16345,Katherine Ducich,Consumer,California,San Francisco
ER-13855,Elpida Rittenbach,Corporate,Minnesota,Saint Paul
RB-19465,Rick Bensley,Home Office,Illinois,Chicago
GZ-14470,Gary Zandusky,Consumer,Minnesota,Rochester
LC-16870,Lena Cacioppo,Consumer,Colorado,Aurora
JM-15250,Janet Martin,Consumer,North Carolina,Charlotte
PA-19060,Pete Armstrong,Home Office,Illinois,Orland Park
CV-12805,Cynthia Voltz,Corporate,New York,New York City
CL-12565,Clay Ludtke,Consumer,Iowa,Urbandale
RC-19960,Ryan Crowe,Consumer,Ohio,Columbus
DK-13090,Dave Kipp,Consumer,Washington,Seattle
GG-14650,Greg Guthrie,Corporate,Tennessee,Bristol
SC-20725,Steven Cartwright,Consumer,Delaware,Wilmington
AD-10180,Alan Dominguez,Home Office,Texas,Houston
PF-19165,Philip Fox,Consumer,Illinois,Bloomington
TS-21610,Troy Staebel,Consumer,Arizona,Phoenix
LS-16975,Lindsay Shagiari,Home Office,California,Los Angeles
DW-13585,Dorothy Wardle,Corporate,Ohio,Columbus
LC-16885,Lena Creighton,Consumer,California,Roseville
JD-15895,Jonathan Doherty,Corporate,Pennsylvania,Philadelphia
SH-19975,Sally Hughsby,Corporate,California,San Francisco
SG-20080,Sandra Glassco,Consumer,Missouri,Independence
HA-14920,Helen Andreada,Consumer,California,Pasadena
MG-17680,Maureen Gastineau,Home Office,Ohio,Newark
JE-16165,Justin Ellison,Corporate,Wisconsin,Franklin
TW-21025,Tamara Willingham,Home Office,Arizona,Scottsdale
SP-20650,Stephanie Phelps,Corporate,California,San Jose
NK-18490,Neil Knudson,Home Office,Washington,Seattle
DB-13060,Dave Brooks,Consumer,Washington,Seattle
NP-18670,Nora Paige,Consumer,Oklahoma,Edmond
TT-21070,Ted Trevino,Consumer,California,Los Angeles
EM-13960,Eric Murdock,Consumer,Pennsylvania,Philadelphia
RD-19900,Ruben Dartt,Consumer,New Mexico,Carlsbad
MJ-17740,Max Jones,Consumer,Washington,Seattle
BM-11140,Becky Martin,Consumer,Texas,San Antonio
CS-12130,Chad Sievert,Consumer,California,Los Angeles
JB-15400,Jennifer Braxton,Corporate,Illinois,Chicago
SJ-20500,Shirley Jackson,Consumer,Texas,Houston
JK-15640,Jim Kriz,Home Office,New York,New York City
DK-13150,David Kendrick,Corporate,Illinois,Decatur
RM-19675,Robert Marley,Home Office,Louisiana,Monroe
SK-19990,Sally Knutson,Consumer,Connecticut,Fairfield
FM-14290,Frank Merwin,Home Office,California,Los Angeles
AM-10360,Alice McCarthy,Corporate,Texas,Grand Prairie
MP-17470,Mark Packer,Home Office,New York,New York City
MZ-17515,Mary Zewe,Corporate,California,Redlands
CB-12025,Cassandra Brandow,Consumer,Ohio,Hamilton
VM-21685,Valerie Mitchum,Home Office,New Jersey,Westfield
FH-14365,Fred Hopkins,Corporate,Pennsylvania,Philadelphia
MB-17305,Maria Bertelson,Consumer,Ohio,Akron
BS-11755,Bruce Stewart,Consumer,Colorado,Denver
LC-17140,Logan Currie,Consumer,Texas,Dallas
HK-14890,Heather Kirkland,Corporate,Tennessee,Franklin
LE-16810,Laurel Elliston,Consumer,California,Whittier
JH-15985,Joseph Holt,Consumer,Michigan,Saginaw
MS-17980,Michael Stewart,Corporate,Texas,Dallas
VW-21775,Victoria Wilson,Corporate,Ohio,Medina
JH-15910,Jonathan Howell,Consumer,California,Los Angeles
JB-15925,Joni Blumstein,Consumer,Ohio,Dublin
DS-13180,David Smith,Corporate,Michigan,Detroit
VD-21670,Valerie Dominguez,Consumer,Tennessee,Columbia
EA-14035,Erin Ashbrook,Corporate,North Carolina,Charlotte
DB-13120,David Bremer,Corporate,California,Santa Clara
KL-16645,Ken Lonsdale,Consumer,Illinois,Chicago
DW-13480,Dianna Wilson,Home Office,Minnesota,Lakeville
LH-17155,Logan Haushalter,Consumer,California,San Francisco
KC-16540,Kelly Collister,Consumer,California,San Diego
DL-13315,Delfina Latchford,Consumer,New York,New York City
DR-12880,Dan Reichenbach,Corporate,Illinois,Chicago
CC-12670,Craig Carreira,Consumer,New York,New York City
Dl-13600,Dorris liebe,Corporate,Texas,Pasadena
SB-20290,Sean Braxton,Corporate,Texas,Houston
RC-19825,Roy Collins,Consumer,Illinois,Chicago
AH-10210,Alan Hwang,Consumer,California,Brentwood
CB-12535,Claudia Bergmann,Corporate,North Carolina,Chapel Hill
CA-12310,Christine Abelman,Corporate,Ohio,Cincinnati
KH-16690,Kristen Hastings,Corporate,California,San Francisco
BB-10990,Barry Blumstein,Corporate,California,Inglewood
AG-10495,Andrew Gjertsen,Corporate,Pennsylvania,Philadelphia
JO-15280,Jas O'Carroll,Consumer,California,Los Angeles
AH-10195,Alan Haines,Corporate,Florida,Tamarac
NZ-18565,Nick Zandusky,Home Office,Ohio,Columbus
KL-16555,Kelly Lampkin,Corporate,Colorado,Colorado Springs
AS-10225,Alan Schoenberger,Corporate,New York,New York City
CR-12625,Corey Roper,Home Office,New Jersey,Lakewood
SH-20395,Shahid Hopkins,Consumer,Virginia,Arlington
BP-11185,Ben Peterman,Corporate,Colorado,Arvada
TS-21205,Thomas Seio,Corporate,New Jersey,Hackensack
AG-10525,Andy Gerbode,Corporate,Florida,Saint Petersburg
SP-20860,Sung Pak,Corporate,Pennsylvania,Philadelphia
NM-18445,Nathan Mautz,Home Office,New York,New York City
FA-14230,Frank Atkinson,Corporate,California,Long Beach
GK-14620,Grace Kelly,Corporate,California,Hesperia
DJ-13510,Don Jones,Corporate,Tennessee,Murfreesboro
PO-18850,Patrick O'Brill,Consumer,Pennsylvania,Philadelphia
JL-15850,John Lucas,Consumer,Pennsylvania,Philadelphia
DB-13615,Doug Bickford,Consumer,California,Los Angeles
AC-10420,Alyssa Crouse,Corporate,California,San Francisco
CC-12550,Clay Cheatham,Consumer,California,San Francisco
TD-20995,Tamara Dahlen,Consumer,Massachusetts,Lowell
AB-10060,Adam Bellavance,Home Office,New York,New York City
JL-15505,Jeremy Lonsdale,Consumer,New York,New York City
VB-21745,Victoria Brennan,Corporate,Georgia,Columbus
KW-16435,Katrina Willman,Consumer,New York,New York City
JD-16060,Julia Dunbar,Consumer,California,San Francisco
MK-17905,Michael Kennedy,Corporate,Connecticut,Manchester
GT-14755,Guy Thornton,Consumer,Texas,Harlingen
AG-10900,Arthur Gainer,Consumer,Arizona,Tucson
MM-18280,Muhammed MacIntyre,Corporate,Illinois,Quincy
AR-10405,Allen Rosenblatt,Corporate,Massachusetts,Franklin
RA-19915,Russell Applegate,Consumer,Texas,Houston
AS-10285,Alejandro Savely,Corporate,California,San Francisco
LA-16780,Laura Armstrong,Corporate,Michigan,Taylor
DO-13435,Denny Ordway,Consumer,Florida,Pembroke Pines
DK-13225,Dean Katz,Corporate,Pennsylvania,Philadelphia
NG-18430,Nathan Gelder,Consumer,Ohio,Cincinnati
MV-18190,Mike Vittorini,Consumer,New York,New York City
JG-15115,Jack Garza,Consumer,Washington,Des Moines
BP-11095,Bart Pistole,Corporate,Illinois,Peoria
VP-21730,Victor Preis,Home Office,Nevada,Las Vegas
SS-20140,Saphhira Shifley,Corporate,Rhode Island,Warwick
AG-10675,Anna Gayman,Consumer,Texas,Houston
LF-17185,Luke Foster,Consumer,Florida,Miami
RF-19840,Roy Franzosisch,Consumer,New York,New York City
KH-16510,Keith Herrera,Consumer,California,San Francisco
KC-16675,Kimberly Carter,Corporate,Washington,Seattle
CJ-12010,Caroline Jumper,Consumer,California,Huntington Beach
PB-19150,Philip Brown,Consumer,California,Los Angeles
MP-17965,Michael Paige,Corporate,Massachusetts,Lawrence
NF-18385,Natalie Fritzler,Consumer,Mississippi,Jackson
SD-20485,Shirley Daniels,Home Office,New York,New Rochelle
KH-16630,Ken Heidel,Corporate,Texas,San Antonio
RB-19795,Ross Baird,Home Office,North Carolina,Gastonia
MK-18160,Mike Kennedy,Consumer,Florida,Jacksonville
PO-19180,Philisse Overcash,Home Office,Illinois,Chicago
BB-11545,Brenda Bowman,Corporate,Texas,Houston
TB-21595,Troy Blackwell,Consumer,Indiana,Columbus
RB-19360,Raymond Buch,Consumer,New York,Auburn
EB-13705,Ed Braxton,Corporate,Ohio,Akron
SC-20095,Sanjit Chand,Consumer,California,Concord
TN-21040,Tanja Norvell,Home Office,Arizona,Phoenix
JS-15940,Joni Sundaresam,Home Office,Illinois,Park Ridge
MH-17785,Maya Herman,Corporate,New York,Lindenhurst
JP-15520,Jeremy Pistek,Consumer,California,San Francisco
JE-15475,Jeremy Ellison,Consumer,New York,Troy
JG-15805,John Grady,Corporate,New York,New York City
XP-21865,Xylona Preis,Consumer,California,San Diego
EM-14065,Erin Mull,Consumer,New York,New York City
MT-18070,Michelle Tran,Home Office,California,Los Angeles
SA-20830,Sue Ann Reed,Consumer,Illinois,Chicago
CW-11905,Carl Weiss,Home Office,Texas,Huntsville
AJ-10960,Astrea Jones,Consumer,New York,Rochester
SS-20590,Sonia Sunley,Consumer,Washington,Seattle
RO-19780,Rose O'Brian,Consumer,Tennessee,Memphis
MD-17350,Maribeth Dona,Consumer,Arkansas,Fayetteville
MY-17380,Maribeth Yedwab,Corporate,Colorado,Parker
CM-12385,Christopher Martinez,Consumer,Georgia,Atlanta
LS-17245,Lynn Smith,Consumer,Missouri,Gladstone
BN-11515,Bradley Nguyen,Consumer,California,Los Angeles
DB-13210,Dean Braden,Consumer,Texas,Houston
MC-17605,Matt Connell,Corporate,Michigan,Detroit
BD-11605,Brian Dahlen,Consumer,Massachusetts,Lawrence
PH-18790,Patricia Hirasaki,Home Office,Florida,Lakeland
MG-18145,Mike Gockenbach,Consumer,Pennsylvania,Philadelphia
KB-16240,Karen Bern,Corporate,California,Los Angeles
JC-15340,Jasper Cacioppo,Consumer,California,Los Angeles
RL-19615,Rob Lucas,Consumer,Alabama,Montgomery
AA-10375,Allen Armold,Consumer,Arizona,Mesa
EP-13915,Emily Phan,Consumer,Illinois,Chicago
DK-12985,Darren Koutras,Consumer,Kentucky,Henderson
BD-11500,Bradley Drucker,Consumer,Wisconsin,Green Bay
LM-17065,Liz MacKendrick,Consumer,Ohio,Springfield
AS-10135,Adrian Shami,Home Office,New York,New York City
BD-11320,Bill Donatelli,Consumer,California,San Francisco
GT-14710,Greg Tran,Consumer,Texas,Houston
AJ-10945,Ashley Jarboe,Consumer,North Carolina,Wilmington
OT-18730,Olvera Toch,Consumer,California,Los Angeles
LP-17080,Liz Pelletier,Consumer,California,San Francisco
CA-12775,Cynthia Arntzen,Consumer,Florida,Tampa
JF-15490,Jeremy Farry,Consumer,Washington,Seattle
FP-14320,Frank Preis,Consumer,California,Los Angeles
EB-13840,Ellis Ballard,Corporate,Washington,Seattle
JF-15415,Jennifer Ferguson,Consumer,New York,New York City
SF-20200,Sarah Foster,Consumer,Washington,Marysville
TG-21640,Trudy Glocke,Consumer,California,Long Beach
CS-11950,Carlos Soltero,Consumer,Illinois,Chicago
CC-12145,Charles Crestani,Consumer,California,Los Angeles
DV-13465,Dianna Vittorini,Consumer,Colorado,Denver
BD-11725,Bruce Degenhardt,Consumer,Kentucky,Richmond
ZC-21910,Zuschuss Carroll,Consumer,Oregon,Salem
MS-17830,Melanie Seite,Consumer,Texas,Laredo
LR-16915,Lena Radford,Consumer,California,San Diego
TP-21130,Theone Pippenger,Consumer,Pennsylvania,Philadelphia
CK-12205,Chloris Kastensmidt,Consumer,Pennsylvania,Philadelphia
AS-10240,Alan Shonely,Consumer,Florida,Tampa
AR-10510,Andrew Roberts,Consumer,Pennsylvania,Philadelphia
NB-18655,Nona Balk,Corporate,Texas,Dallas
GD-14590,Giulietta Dortch,Corporate,Pennsylvania,Philadelphia
CK-12595,Clytie Kelty,Consumer,Ohio,Grove City
NG-18355,Nat Gilpin,Corporate,New York,New York City
CA-12265,Christina Anderson,Consumer,Illinois,Chicago
SF-20965,Sylvia Foulston,Corporate,Michigan,Dearborn
MO-17800,Meg O'Connel,Home Office,New York,New York City
AT-10735,Annie Thurman,Consumer,Washington,Seattle
FM-14380,Fred McMath,Consumer,Colorado,Aurora
DJ-13420,Denny Joy,Corporate,Georgia,Warner Robins
ME-17725,Max Engle,Consumer,Colorado,Aurora
JD-16150,Justin Deggeller,Corporate,Minnesota,Minneapolis
JL-15835,John Lee,Consumer,California,Mission Viejo
SC-20305,Sean Christensen,Consumer,Michigan,Rochester Hills
CC-12430,Chuck Clark,Home Office,Indiana,Columbus
AR-10825,Anthony Rawles,Corporate,Washington,Vancouver
SR-20740,Steven Roelle,Home Office,New York,New York City
CR-12730,Craig Reiter,Consumer,Ohio,Columbus
EH-14125,Eugene Hildebrand,Home Office,Illinois,Aurora
SP-20545,Sibella Parks,Corporate,New York,New York City
TH-21235,Tiffany House,Corporate,Texas,Dallas
RP-19390,Resi Polking,Consumer,Ohio,Cleveland
RB-19570,Rob Beeghly,Consumer,Indiana,Columbus
CD-11980,Carol Darley,Consumer,Texas,Tyler
DJ-13630,Doug Jacobs,Consumer,New York,New York City
GT-14635,Grant Thornton,Corporate,North Carolina,Burlington
MC-17845,Michael Chen,Consumer,Mississippi,Jackson
RA-19285,Ralph Arnett,Consumer,New York,New York City
NP-18325,Naresj Patel,Consumer,Virginia,Waynesboro
AB-10165,Alan Barnes,Consumer,California,Los Angeles
JO-15550,Jesus Ocampo,Home Office,Pennsylvania,Chester
JK-15370,Jay Kimmel,Consumer,California,Long Beach
BN-11470,Brad Norvell,Corporate,North Carolina,Cary
DP-13165,David Philippe,Consumer,New York,New York City
TH-21550,Tracy Hopkins,Home Office,New York,New York City
AP-10915,Arthur Prichep,Consumer,Florida,Palm Coast
RS-19765,Roland Schwarz,Corporate,New York,Mount Vernon
SV-20365,Seth Vernon,Consumer,Delaware,Dover
CK-12325,Christine Kargatis,Home Office,Utah,Orem
RD-19810,Ross DeVincentis,Home Office,California,Los Angeles
MR-17545,Mathew Reese,Home Office,Pennsylvania,Philadelphia
SC-20695,Steve Chapman,Corporate,Florida,Hialeah
JF-15355,Jay Fein,Consumer,Texas,Austin
EG-13900,Emily Grady,Consumer,New York,Oceanside
DS-13030,Darrin Sayre,Home Office,Washington,Seattle
PO-19195,Phillina Ober,Home Office,Illinois,Naperville
SS-20875,Sung Shariari,Consumer,Texas,Dallas
PB-19105,Peter Buhler,Consumer,Illinois,Evanston
RF-19735,Roland Fjeld,Consumer,Michigan,Trenton
YC-21895,Yoseph Carroll,Corporate,California,San Francisco
DC-13285,Debra Catini,Consumer,Minnesota,Cottage Grove
CP-12340,Christine Phan,Corporate,New York,New York City
BF-11020,Barry Franzosisch,Corporate,Wisconsin,Green Bay
LH-17020,Lisa Hazard,Consumer,Ohio,Columbus
CS-12250,Chris Selesnick,Corporate,Louisiana,Bossier City
AJ-10795,Anthony Johnson,Corporate,Florida,Saint Petersburg
BV-11245,Benjamin Venier,Corporate,Iowa,Des Moines
DL-12865,Dan Lawera,Consumer,Ohio,Cincinnati
BM-11785,Bryan Mills,Consumer,Ohio,Columbus
LT-17110,Liz Thompson,Consumer,California,Lancaster
JK-15730,Joe Kamberova,Consumer,North Carolina,Asheville
ES-14020,Erica Smith,Consumer,California,San Francisco
RH-19495,Rick Hansen,Consumer,Minnesota,Rochester
CD-11920,Carlos Daly,Consumer,California,Lake Elsinore
HW-14935,Helen Wasserman,Corporate,California,San Diego
MC-18130,Mike Caudle,Corporate,Louisiana,Monroe
GM-14440,Gary McGarr,Consumer,California,San Francisco
PJ-19015,Pauline Johnson,Consumer,California,Santa Ana
BW-11110,Bart Watters,Corporate,Wisconsin,Milwaukee
TR-21325,Toby Ritter,Consumer,New Jersey,Belleville
PG-18820,Patrick Gardner,Consumer,California,San Francisco
JL-15175,James Lanier,Home Office,Tennessee,Columbia
BM-11650,Brian Moss,Corporate,New York,New York City
EM-14095,Eudokia Martin,Corporate,California,Los Angeles
AF-10885,Art Foster,Consumer,Kentucky,Louisville
GA-14725,Guy Armstrong,Consumer,Ohio,Lorain
CK-12760,Cyma Kinney,Corporate,New Jersey,Linden
DP-13105,Dave Poirier,Corporate,California,Salinas
BK-11260,Berenike Kampe,Consumer,New York,New York City
SJ-20125,Sanjit Jacobs,Home Office,New Jersey,New Brunswick
CM-12445,Chuck Magee,Consumer,California,San Francisco
AJ-10780,Anthony Jacobs,Corporate,Virginia,Springfield
LS-16945,Linda Southworth,Corporate,Pennsylvania,Philadelphia
GP-14740,Guy Phonely,Corporate,Pennsylvania,Lancaster
PK-18910,Paul Knutson,Home Office,Pennsylvania,Philadelphia
SM-20005,Sally Matthias,Consumer,New York,New York City
AG-10765,Anthony Garverick,Home Office,Pennsylvania,Philadelphia
PM-19135,Peter McVee,Home Office,Michigan,Detroit
LL-16840,Lauren Leatherbury,Consumer,New York,Rochester
JS-15595,Jill Stevenson,Corporate,California,Los Angeles
EL-13735,Ed Ludwig,Home Office,Maryland,Columbia
PC-18745,Pamela Coakley,Corporate,California,San Francisco
HL-15040,Hunter Lopez,Consumer,Texas,Houston
MS-17365,Maribeth Schnelling,Consumer,Michigan,Detroit
GB-14530,George Bell,Corporate,New York,Auburn
JR-16210,Justin Ritter,Corporate,Ohio,Springfield
BE-11335,Bill Eplett,Home Office,Michigan,Jackson
SC-20050,Sample Company A,Home Office,Connecticut,Norwich
RW-19630,Rob Williams,Corporate,Texas,Dallas
SE-20110,Sanjit Engle,Consumer,New York,New York City
AH-10075,Adam Hart,Corporate,New York,New York City
JM-15535,Jessica Myrick,Consumer,Pennsylvania,Philadelphia
JJ-15760,Joel Jenkins,Home Office,Virginia,Springfield
RK-19300,Ralph Kennedy,Consumer,Pennsylvania,Philadelphia
CG-12040,Catherine Glotzbach,Home Office,Pennsylvania,Philadelphia
RP-19270,Rachel Payne,Corporate,California,Riverside
KC-16255,Karen Carlisle,Corporate,California,San Francisco
KH-16360,Katherine Hughes,Consumer,Pennsylvania,Philadelphia
GH-14665,Greg Hansen,Consumer,Texas,Round Rock
SW-20275,Scott Williamson,Consumer,Mississippi,Jackson
JA-15970,Joseph Airdo,Consumer,Arizona,Phoenix
DL-12925,Daniel Lacy,Consumer,California,Oceanside
LW-16990,Lindsay Williams,Corporate,California,San Francisco
TB-21190,Thomas Brumley,Home Office,Arkansas,Fayetteville
BS-11800,Bryan Spruell,Home Office,New York,New York City
RW-19690,Robert Waldorf,Consumer,North Carolina,Wilmington
TZ-21580,Tracy Zic,Consumer,Colorado,Louisville
AS-10630,Ann Steele,Home Office,Texas,Pasadena
TS-21340,Toby Swindell,Consumer,Texas,Houston
SL-20155,Sara Luxemburg,Home Office,Florida,Jacksonville
MW-18235,Mitch Willingham,Corporate,Virginia,Virginia Beach
RD-19585,Rob Dowd,Consumer,Kentucky,Henderson
RA-19945,Ryan Akin,Consumer,California,Murrieta
MT-17815,Meg Tillman,Consumer,Arizona,Scottsdale
VG-21790,Vivek Gonzalez,Consumer,California,San Diego
JS-15880,John Stevenson,Consumer,Washington,Seattle
KM-16225,Kalyca Meade,Corporate,New York,New York City
HR-14770,Hallie Redmond,Home Office,California,Los Angeles
DE-13255,Deanra Eno,Home Office,Ohio,Springfield
AG-10390,Allen Goldenen,Consumer,Ohio,Cincinnati
JJ-15445,Jennifer Jackson,Consumer,California,Los Angeles
JH-15430,Jennifer Halladay,Consumer,North Carolina,Burlington
RD-19660,Robert Dilbeck,Home Office,Missouri,Saint Peters
MO-17500,Mary O'Rourke,Consumer,New York,New York City
NS-18640,Noel Staavos,Corporate,Illinois,Chicago
DG-13300,Deirdre Greer,Corporate,Pennsylvania,Philadelphia
NF-18595,Nicole Fjeld,Home Office,New York,New York City
MG-17650,Matthew Grinstein,Home Office,Pennsylvania,Philadelphia
TS-21160,Theresa Swint,Corporate,Ohio,Toledo
BD-11620,Brian DeCherney,Consumer,California,San Francisco
CM-12160,Charles McCrossin,Consumer,Texas,Brownsville
SN-20560,Skye Norling,Home Office,California,Los Angeles
EH-14005,Erica Hernandez,Home Office,Colorado,Denver
FO-14305,Frank Olsen,Consumer,New York,New York City
MS-17710,Maurice Satty,Consumer,Arizona,Mesa
CC-12100,Chad Cunningham,Home Office,Indiana,Columbus
DW-13540,Don Weiss,Consumer,Washington,Seattle
BT-11395,Bill Tyler,Corporate,Michigan,Detroit
CY-12745,Craig Yedwab,Corporate,California,Oakland
BT-11485,Brad Thomas,Home Office,Maryland,Clinton
PS-19045,Penelope Sewall,Home Office,North Carolina,Charlotte
PV-18985,Paul Van Hugh,Home Office,California,San Francisco
NM-18520,Neoma Murray,Consumer,California,Riverside
DL-13495,Dionis Lloyd,Corporate,California,San Francisco
CS-12355,Christine Sundaresam,Consumer,Georgia,Roswell
FH-14275,Frank Hawley,Corporate,Indiana,La Porte
NC-18340,Nat Carroll,Consumer,Michigan,Lansing
AA-10315,Alex Avila,Consumer,Minnesota,Minneapolis
LT-16765,Larry Tron,Consumer,California,Escondido
AP-10720,Anne Pryor,Home Office,New York,New York City
PM-18940,Paul MacIntyre,Consumer,Michigan,Jackson
AT-10435,Alyssa Tate,Home Office,California,Los Angeles
CA-12055,Cathy Armstrong,Home Office,Texas,Houston
HR-14830,Harold Ryan,Corporate,Washington,Seattle
BT-11530,Bradley Talbott,Home Office,California,Los Angeles
LH-16750,Larry Hughes,Consumer,North Carolina,Charlotte
SW-20755,Steven Ward,Corporate,New York,New York City
SP-20620,Stefania Perrino,Corporate,Pennsylvania,Philadelphia
BF-11170,Ben Ferrer,Home Office,California,Los Angeles
KT-16480,Kean Thornton,Consumer,New York,Buffalo
BG-11695,Brooke Gillingham,Corporate,Ohio,Cincinnati
GM-14680,Greg Matthias,Consumer,Washington,Seattle
EJ-14155,Eva Jacobs,Consumer,Mississippi,Gulfport
NP-18700,Nora Preis,Consumer,California,Fresno
MH-18115,Mick Hernandez,Home Office,Pennsylvania,Chester
JR-15700,Jocasta Rupert,Consumer,Florida,Jacksonville
SM-20950,Suzanne McNair,Corporate,North Carolina,Greenville
CC-12220,Chris Cortes,Consumer,Indiana,La Porte
PF-19225,Phillip Flathmann,Consumer,California,San Francisco
DC-12850,Dan Campbell,Consumer,Alabama,Florence
BD-11770,Bryan Davis,Consumer,Texas,Houston
GM-14500,Gene McClure,Consumer,Rhode Island,Providence
TB-21355,Todd Boyes,Corporate,New York,New York City
JH-16180,Justin Hirsh,Consumer,Colorado,Pueblo
EB-13975,Erica Bern,Corporate,California,Fairfield
QJ-19255,Quincy Jones,Corporate,Minnesota,Saint Paul
TC-21535,Tracy Collins,Home Office,Virginia,Arlington
CS-12460,Chuck Sachs,Consumer,Georgia,Columbus
HG-14965,Henry Goldwyn,Corporate,California,Los Angeles
LW-16825,Laurel Workman,Corporate,Florida,Deltona
MC-17575,Matt Collins,Consumer,Ohio,Cincinnati
LP-17095,Liz Preis,Consumer,Kentucky,Murray
EB-14170,Evan Bailliet,Consumer,North Carolina,Wilmington
GZ-14545,George Zrebassa,Corporate,Massachusetts,Lawrence
CP-12085,Cathy Prescott,Corporate,Connecticut,Norwich
FG-14260,Frank Gastineau,Home Office,California,San Francisco
LD-17005,Lisa DeCherney,Consumer,California,San Francisco
AB-10255,Alejandro Ballentine,Home Office,Ohio,Lorain
MN-17935,Michael Nguyen,Consumer,Texas,Dallas
JR-15670,Jim Radford,Consumer,Connecticut,Middletown
JF-15190,Jamie Frazer,Consumer,California,Los Angeles
CM-12115,Chad McGuire,Consumer,New York,New York City
AS-10045,Aaron Smayling,Corporate,North Carolina,Jacksonville
BP-11290,Beth Paige,Consumer,Illinois,Evanston
ND-18370,Natalie DeCherney,Consumer,Kentucky,Louisville
LB-16735,Larry Blacks,Consumer,Texas,Fort Worth
KT-16465,Kean Takahito,Consumer,California,Los Angeles
HM-14860,Harry Marie,Corporate,Pennsylvania,Philadelphia
AB-10600,Ann Blume,Corporate,Arizona,Tucson
SZ-20035,Sam Zeldin,Home Office,California,Pico Rivera
MG-17890,Michael Granlund,Home Office,Maryland,Clinton
JK-16120,Julie Kriz,Home Office,Illinois,Aurora
PP-18955,Paul Prost,Home Office,Georgia,Smyrna
YS-21880,Yana Sorensen,Corporate,North Carolina,Burlington
KM-16375,Katherine Murray,Home Office,Virginia,Salem
AB-10105,Adrian Barton,Consumer,Arizona,Phoenix
HA-14905,Helen Abelman,Consumer,New York,New York City
BT-11305,Beth Thompson,Home Office,California,Costa Mesa
SV-20815,Stuart Van,Corporate,Texas,Houston
RW-19540,Rick Wilson,Corporate,Arizona,Mesa
DK-12835,Damala Kotsonis,Corporate,California,Salinas
ST-20530,Shui Tom,Consumer,Ohio,Parma
MM-17920,Michael Moore,Consumer,California,San Francisco
PW-19030,Pauline Webber,Corporate,Kentucky,Richmond
SC-20440,Shaun Chance,Corporate,Colorado,Aurora
TS-21085,Thais Sissman,Consumer,Arizona,Phoenix
MC-17425,Mark Cousins,Corporate,Alabama,Mobile
ME-17320,Maria Etezadi,Home Office,Georgia,Columbus
NH-18610,Nicole Hansen,Corporate,Texas,Irving
MB-18085,Mick Brown,Consumer,New Jersey,Vineland
KD-16495,Keith Dawkins,Corporate,New York,New York City
KN-16390,Katherine Nockton,Corporate,California,Los Angeles
NP-18685,Nora Pelletier,Home Office,New York,Niagara Falls
CS-12505,Cindy Stewart,Consumer,North Carolina,Thomasville
MS-17770,Maxwell Schwartz,Consumer,New York,New York City
CM-12655,Corinna Mitchell,Home Office,California,Los Angeles
Co-12640,Corey-Lock,Consumer,Pennsylvania,Philadelphia
TS-21370,Todd Sumrall,Corporate,New York,New York City
JW-15220,Jane Waco,Corporate,Washington,Vancouver
JD-15790,John Dryer,Consumer,Texas,Coppell
PC-19000,Pauline Chand,Home Office,California,Los Angeles
AR-10540,Andy Reiter,Consumer,New York,New York City
AI-10855,Arianne Irving,Consumer,Pennsylvania,Philadelphia
TB-21400,Tom Boeckenhauer,Consumer,Washington,Seattle
PL-18925,Paul Lucas,Home Office,Illinois,Chicago
GH-14425,Gary Hwang,Consumer,Arizona,Tucson
MP-18175,Mike Pelletier,Home Office,California,Laguna Niguel
JM-15655,Jim Mitchum,Corporate,New Jersey,Bridgeton
CL-11890,Carl Ludwig,Consumer,Massachusetts,Everett
DB-13270,Deborah Brumfield,Home Office,California,San Diego
IG-15085,Ivan Gibson,Consumer,California,San Diego
BO-11425,Bobby Odegard,Consumer,Kentucky,Richmond
AB-10150,Aimee Bixby,Consumer,New York,Long Beach
JW-16075,Julia West,Consumer,Pennsylvania,Philadelphia
EB-13750,Edward Becker,Corporate,Washington,Seattle
SG-20470,Sheri Gordon,Consumer,New York,New York City
CM-12190,Charlotte Melton,Consumer,Pennsylvania,Philadelphia
AW-10840,Anthony Witt,Consumer,Texas,Allen
MC-18100,Mick Crebagga,Consumer,Texas,El Paso
TT-21460,Tonja Turnell,Home Office,Illinois,Aurora
VG-21805,Vivek Grady,Corporate,Virginia,Virginia Beach
MY-18295,Muhammed Yedwab,Corporate,Texas,Grapevine
RD-19480,Rick Duston,Consumer,Washington,Olympia
DP-13390,Dennis Pardue,Home Office,Illinois,Peoria
ML-17395,Marina Lichtenstein,Corporate,California,Los Angeles
JC-15385,Jenna Caffey,Consumer,Washington,Kent
JG-15160,James Galang,Consumer,California,Los Angeles
MC-17275,Marc Crier,Consumer,Louisiana,Lafayette
NW-18400,Natalie Webber,Consumer,Oregon,Tigard
TB-21280,Toby Braunhardt,Consumer,District of Columbia,Washington
BS-11380,Bill Stewart,Corporate,Illinois,Skokie
HH-15010,Hilary Holden,Corporate,California,San Francisco
CD-12280,Christina DeMoss,Consumer,Washington,Seattle
TH-21100,Thea Hendricks,Consumer,California,Los Angeles
MM-18055,Michelle Moray,Consumer,Washington,Seattle
NS-18505,Neola Schneider,Consumer,Texas,Dallas
RB-19645,Robert Barroso,Corporate,Nevada,North Las Vegas
SW-20455,Shaun Weien,Consumer,Virginia,Suffolk
EB-13930,Eric Barreto,Consumer,California,San Francisco
PS-18760,Pamela Stobb,Consumer,California,Los Angeles
HF-14995,Herbert Flentye,Consumer,Indiana,Indianapolis
HZ-14950,Henia Zydlo,Consumer,Ohio,Columbus
CD-12790,Cynthia Delaney,Home Office,California,San Diego
JK-15205,Jamie Kunitz,Consumer,California,San Francisco
FM-14215,Filia McAdams,Corporate,Ohio,Dublin
ED-13885,Emily Ducich,Home Office,California,San Diego
DA-13450,Dianna Arnett,Home Office,Texas,Houston
JW-15955,Joni Wasserman,Consumer,California,Oakland
RM-19375,Raymond Messe,Consumer,Texas,Houston
ML-17755,Max Ludwig,Home Office,Virginia,Suffolk
CC-12685,Craig Carroll,Consumer,North Carolina,Greensboro
JE-15610,Jim Epp,Corporate,Wisconsin,Milwaukee
RP-19855,Roy Phan,Corporate,Wisconsin,Kenosha
TB-21175,Thomas Boland,Corporate,Texas,Houston
BE-11455,Brad Eason,Home Office,Kansas,Olathe
JF-15565,Jill Fjeld,Consumer,Texas,Dallas
PB-19210,Phillip Breyer,Corporate,Oklahoma,Tulsa
BT-11680,Brian Thompson,Consumer,Ohio,Newark
JL-15235,Janet Lee,Consumer,Illinois,Chicago
CH-12070,Cathy Hwang,Home Office,North Carolina,Raleigh
ND-18460,Neil Ducich,Corporate,Georgia,Macon
BF-10975,Barbara Fisher,Corporate,North Carolina,Charlotte
KH-16330,Katharine Harms,Corporate,Kentucky,Bowling Green
GW-14605,Giulietta Weimer,Consumer,Washington,Seattle
NC-18625,Noah Childs,Corporate,Colorado,Aurora
ME-18010,Michelle Ellison,Corporate,California,San Francisco
BP-11230,Benjamin Patterson,Consumer,Washington,Spokane
JC-15775,John Castell,Consumer,Texas,San Antonio
AS-10090,Adam Shillingsburg,Consumer,Virginia,Charlottesville
AC-10450,Amy Cox,Consumer,Minnesota,Minneapolis
MD-17860,Michael Dominguez,Corporate,Indiana,Indianapolis
DB-13660,Duane Benoit,Consumer,New York,Oceanside
EH-13990,Erica Hackney,Consumer,Georgia,Roswell
EH-13765,Edward Hooks,Corporate,New York,Watertown
SC-20230,Scot Coram,Corporate,Texas,Arlington
JE-15715,Joe Elijah,Consumer,Colorado,Broomfield
AC-10615,Ann Chong,Corporate,New York,New York City
JD-16015,Joy Daniels,Consumer,Illinois,Chicago
CB-12415,Christy Brittain,Consumer,Ohio,Columbus
JS-16030,Joy Smith,Consumer,Texas,Houston
LW-17215,Luke Weiss,Consumer,California,Pasadena
SC-20800,Stuart Calhoun,Consumer,Texas,Houston
AM-10705,Anne McFarland,Consumer,Alabama,Auburn
RH-19510,Rick Huthwaite,Home Office,Rhode Island,Providence
CT-11995,Carol Triggs,Consumer,Minnesota,Rochester
MC-17590,Matt Collister,Corporate,New Jersey,Perth Amboy
CC-12610,Corey Catlett,Corporate,Pennsylvania,Philadelphia
KA-16525,Kelly Andreada,Consumer,California,Ontario
TC-20980,Tamara Chand,Corporate,Washington,Seattle
BF-11080,Bart Folk,Consumer,Maryland,Baltimore
MM-17260,Magdelene Morse,Consumer,Delaware,Wilmington
AH-10120,Adrian Hane,Home Office,Arizona,Tucson
BW-11200,Ben Wallace,Consumer,Florida,Boynton Beach
SW-20245,Scot Wooten,Consumer,California,Stockton
BS-11665,Brian Stugart,Consumer,Pennsylvania,Philadelphia
RF-19345,Randy Ferguson,Corporate,New Hampshire,Dover
WB-21850,William Brown,Consumer,Pennsylvania,Philadelphia
TB-21625,Trudy Brown,Consumer,Texas,Grand Prairie
AF-10870,Art Ferguson,Consumer,Texas,College Station
RB-19435,Richard Bierner,Consumer,Missouri,Saint Louis
KF-16285,Karen Ferguson,Home Office,California,Manteca
JH-15820,John Huston,Consumer,Ohio,Kent
IL-15100,Ivan Liston,Consumer,California,San Francisco
PB-18805,Patrick Bzostek,Home Office,Utah,Salt Lake City
RH-19600,Rob Haberlin,Consumer,Alabama,Huntsville
AW-10930,Arthur Wiediger,Home Office,Illinois,Aurora
ML-17410,Maris LaWare,Consumer,Connecticut,Fairfield
DB-13555,Dorothy Badders,Corporate,Florida,Jacksonville
MH-17620,Matt Hagelstein,Corporate,California,San Francisco
DK-13375,Dennis Kane,Consumer,Ohio,Marion
BT-11440,Bobby Trafton,Consumer,Colorado,Littleton
DB-13405,Denny Blanton,Consumer,Indiana,La Porte
TG-21310,Toby Gnade,Consumer,California,Los Angeles
BF-11005,Barry Franz,Home Office,California,Pasadena
JM-16195,Justin MacKendrick,Consumer,California,Los Angeles
MZ-17335,Maria Zettner,Home Office,California,San Diego
MW-18220,Mitch Webber,Consumer,New York,New York City
MV-17485,Mark Van Huff,Consumer,Virginia,Arlington
SM-20320,Sean Miller,Home Office,North Carolina,Monroe
TP-21415,Tom Prescott,Consumer,Washington,Seattle
JK-15625,Jim Karlsson,Consumer,Washington,Seattle
PJ-18835,Patrick Jones,Corporate,Tennessee,Murfreesboro
RS-19420,Ricardo Sperren,Corporate,Washington,Seattle
SV-20935,Susan Vittorini,Consumer,New York,New York City
BC-11125,Becky Castell,Home Office,Arizona,Peoria
EM-13825,Elizabeth Moffitt,Corporate,South Dakota,Sioux Falls
BM-11575,Brendan Murry,Corporate,New York,New York City
KN-16705,Kristina Nunn,Home Office,Colorado,Fort Collins
KW-16570,Kelly Williams,Consumer,Tennessee,Clarksville
SC-20260,Scott Cohen,Corporate,California,San Francisco
CV-12295,Christina VanderZanden,Consumer,California,Fresno
SG-20605,Speros Goranitis,Consumer,New York,New York City
TM-21010,Tamara Manning,Consumer,California,San Francisco
EM-13810,Eleni McCrary,Corporate,California,Los Angeles
ML-18040,Michelle Lonsdale,Corporate,New Mexico,Albuquerque
CR-12580,Clay Rozendal,Home Office,Illinois,Elmhurst
AZ-10750,Annie Zypern,Consumer,New York,New York City
PW-19240,Pierre Wener,Consumer,Colorado,Louisville
SC-20380,Shahid Collister,Consumer,Washington,Seattle
CM-11935,Carlos Meador,Consumer,North Carolina,Fayetteville
GM-14695,Greg Maxwell,Corporate,California,Los Angeles
TB-21250,Tim Brockman,Consumer,New York,New York City
JM-15865,John Murray,Consumer,New York,Jamestown
SC-20575,Sonia Cooley,Consumer,Indiana,Mishawaka
LS-17200,Luke Schmidt,Corporate,Illinois,Skokie
RR-19315,Ralph Ritter,Consumer,California,San Francisco
DB-12910,Daniel Byrd,Home Office,Florida,Tampa
TT-21220,Thomas Thornton,Consumer,Texas,Houston
LO-17170,Lori Olson,Corporate,California,La Quinta
KD-16615,Ken Dana,Corporate,Arizona,Scottsdale
NB-18580,Nicole Brennan,Corporate,Pennsylvania,Philadelphia
BD-11635,Brian Derr,Consumer,Kentucky,Bowling Green
CM-12235,Chris McAfee,Consumer,Texas,Carrollton
EN-13780,Edward Nazzal,Consumer,New York,New York City
KN-16450,Kean Nguyen,Corporate,Florida,Jacksonville
BO-11350,Bill Overfelt,Corporate,California,Los Angeles
AG-10300,Aleksandra Gannaway,Corporate,California,Los Angeles
MC-17635,Matthew Clasen,Corporate,Missouri,Saint Louis
TA-21385,Tom Ashbrook,Home Office,New York,New York City
JF-15295,Jason Fortune-,Consumer,Washington,Seattle
TT-21265,Tim Taslimi,Corporate,California,Los Angeles
SB-20170,Sarah Bern,Consumer,New York,New York City
CL-12700,Craig Leslie,Home Office,Missouri,Springfield
HG-15025,Hunter Glantz,Consumer,Texas,Amarillo
NL-18310,Nancy Lomonaco,Home Office,California,Los Angeles
RR-19525,Rick Reed,Corporate,Massachusetts,Lowell
TC-21295,Toby Carlisle,Consumer,California,San Diego
SV-20785,Stewart Visinsky,Consumer,Colorado,Pueblo
BE-11410,Bobby Elias,Consumer,Ohio,Lancaster
SC-20680,Steve Carroll,Home Office,Georgia,Columbus
DF-13135,David Flashing,Consumer,California,Vallejo
FH-14350,Fred Harton,Consumer,Washington,Seattle
MS-17530,MaryBeth Skach,Consumer,California,San Diego
RH-19555,Ritsa Hightower,Consumer,Florida,Tallahassee
GA-14515,George Ashbrook,Consumer,California,San Francisco
JP-16135,Julie Prescott,Home Office,Georgia,Columbus
Dp-13240,Dean percer,Home Office,Utah,Murray
MO-17950,Michael Oakman,Consumer,Texas,Dallas
DL-13330,Denise Leinenbach,Consumer,New Mexico,Las Cruces
MH-18025,Michelle Huthwaite,Consumer,Washington,Seattle
DR-12940,Daniel Raglin,Home Office,Massachusetts,Franklin
DM-13015,Darrin Martin,Consumer,California,Encinitas
CA-11965,Carol Adams,Corporate,Alabama,Hoover
AC-10660,Anna Chung,Consumer,Texas,Huntsville
DM-13345,Denise Monton,Corporate,Georgia,Roswell
VF-21715,Vicky Freymann,Home Office,Indiana,Columbus
CC-12370,Christopher Conant,Consumer,North Carolina,Fayetteville
BF-11275,Beth Fritzler,Corporate,Arizona,Tucson
HG-14845,Harry Greene,Consumer,Louisiana,Lake Charles
BP-11155,Becky Pak,Consumer,Georgia,Columbus
EM-14140,Eugene Moren,Home Office,Arizona,Glendale
MA-17995,Michelle Arnett,Home Office,New York,Watertown
AY-10555,Andy Yotov,Corporate,California,Oceanside
GB-14575,Giulietta Baptist,Consumer,Pennsylvania,Philadelphia
JB-16045,Julia Barnett,Home Office,Georgia,Columbus
MG-17875,Michael Grace,Home Office,New York,New York City
SR-20425,Sharelle Roach,Home Office,Colorado,Louisville
JB-16000,Joy Bell-,Consumer,Texas,Brownsville
DM-12955,Dario Medina,Corporate,Michigan,Lincoln Park
TC-21475,Tony Chapman,Home Office,Georgia,Columbus
SW-20350,Sean Wendt,Home Office,Michigan,Detroit
RE-19450,Richard Eichhorn,Consumer,Texas,Dallas
BF-11215,Benjamin Farhat,Home Office,New Mexico,Albuquerque
KB-16405,Katrina Bavinger,Home Office,California,Apple Valley
JG-15310,Jason Gross,Corporate,Rhode Island,Providence
EC-14050,Erin Creighton,Consumer,New York,New York City
EB-14110,Eugene Barchas,Consumer,Pennsylvania,Philadelphia
JP-15460,Jennifer Patt,Corporate,New York,Oceanside
CS-11845,Cari Sayre,Corporate,Washington,Seattle
GH-14410,Gary Hansen,Home Office,Arizona,Glendale
PT-19090,Pete Takahito,Consumer,Texas,Houston
JL-15130,Jack Lebron,Consumer,Texas,Houston
AH-10030,Aaron Hawkins,Corporate,Pennsylvania,Philadelphia
CC-12475,Cindy Chapman,Consumer,New York,New York City
DW-13195,David Wiener,Corporate,Texas,Houston
SJ-20215,Sarah Jordon,Consumer,Texas,Grand Prairie
BG-11740,Bruce Geld,Consumer,Pennsylvania,Philadelphia
LB-16795,Laurel Beltran,Home Office,Illinois,Highland Park
CM-11815,Candace McMahon,Corporate,Texas,Pasadena
EH-14185,Evan Henry,Consumer,Alabama,Decatur
TS-21505,Tony Sayre,Consumer,Tennessee,Columbia
PR-18880,Patrick Ryan,Consumer,California,Oakland
LC-17050,Liz Carlisle,Consumer,California,Mission Viejo
CS-12490,Cindy Schnelling,Corporate,Texas,Conroe
DH-13075,Dave Hallsten,Corporate,Kentucky,Richmond
JO-15145,Jack O'Briant,Corporate,Pennsylvania,Philadelphia
AH-10690,Anna Haberlin,Corporate,New York,New York City
HJ-14875,Heather Jas,Home Office,Florida,Jacksonville
MH-17455,Mark Hamilton,Consumer,North Carolina,Jacksonville
RD-19930,Russell D'Ascenzo,Consumer,Texas,Austin
SC-20020,Sam Craven,Consumer,Texas,Plano
SU-20665,Stephanie Ulpright,Home Office,Mississippi,Jackson
FC-14335,Fred Chung,Corporate,Texas,Mesquite
RB-19330,Randy Bradley,Consumer,Pennsylvania,Philadelphia
NC-18535,Nick Crebassa,Corporate,Texas,Dallas
DB-12970,Darren Budd,Corporate,California,Los Angeles
MF-17665,Maureen Fritzler,Corporate,Ohio,Toledo
RM-19750,Roland Murray,Consumer,New York,New York City
VM-21835,Vivian Mathis,Consumer,Delaware,Newark
EJ-13720,Ed Jacobs,Consumer,California,San Diego
NC-18415,Nathan Cano,Consumer,North Carolina,Jacksonville
LS-17230,Lycoris Saunders,Consumer,Delaware,Dover
KE-16420,Katrina Edelman,Corporate,Tennessee,Bristol
DH-13675,Duane Huffman,Home Office,Massachusetts,Quincy
PF-19120,Peter Fuller,Consumer,Arizona,Gilbert
VT-21700,Valerie Takahito,Home Office,Pennsylvania,Philadelphia
MG-17695,Maureen Gnade,Consumer,New York,Buffalo
SP-20920,Susan Pistek,Consumer,California,Los Angeles
CS-12175,Charles Sheldon,Corporate,Tennessee,Columbia
DK-12895,Dana Kaydos,Consumer,Wisconsin,Kenosha
KM-16660,Khloe Miller,Consumer,Georgia,Roswell
AA-10645,Anna Andreadi,Consumer,Pennsylvania,Chester
DD-13570,Dorothy Dickinson,Consumer,Texas,Houston
AH-10465,Amy Hunt,Consumer,New York,New York City
TP-21565,Tracy Poddar,Corporate,Colorado,Aurora
EK-13795,Eileen Kiefer,Home Office,California,Santa Ana
CR-12820,Cyra Reiten,Home Office,New York,New York City
SG-20890,Susan Gilcrest,Corporate,Texas,Mcallen
AH-10585,Angele Hood,Consumer,Illinois,Chicago
NF-18475,Neil Franzosisch,Home Office,Illinois,Rockford
BS-11365,Bill Shonely,Corporate,New York,New York City
SH-20635,Stefanie Holloman,Corporate,Tennessee,Jackson
RD-19720,Roger Demir,Consumer,Florida,Daytona Beach
AG-10330,Alex Grayson,Consumer,California,Stockton
GR-14560,Georgia Rosenberg,Corporate,California,San Francisco
VS-21820,Vivek Sundaresam,Consumer,California,Los Angeles
TM-21490,Tony Molinari,Consumer,Oklahoma,Oklahoma City
TS-21430,Tom Stivers,Corporate,California,Los Angeles
DB-13360,Dennis Bolton,Home Office,New York,New York City
NR-18550,Nick Radford,Consumer,Illinois,Aurora
CS-11860,Cari Schnelling,Consumer,North Carolina,Jacksonville
MF-18250,Monica Federle,Corporate,California,Los Angeles
LW-17125,Liz Willingham,Consumer,Connecticut,Norwich
AR-10345,Alex Russell,Corporate,Massachusetts,Lawrence
KS-16300,Karen Seio,Corporate,Utah,Lehi
AB-10015,Aaron Bergman,Consumer,Washington,Seattle
LR-17035,Lisa Ryan,Corporate,Pennsylvania,Philadelphia
SS-20410,Shahid Shariari,Consumer,California,Los Angeles
JM-15580,Jill Matthias,Consumer,North Carolina,Monroe
JK-15325,Jason Klamczynski,Corporate,Texas,Dallas
DM-13525,Don Miller,Corporate,Texas,Houston
ML-18265,Muhammed Lee,Consumer,Washington,Seattle
MH-17290,Marc Harrigan,Home Office,California,Los Angeles
FC-14245,Frank Carlisle,Home Office,Ohio,Lakewood
TH-21115,Thea Hudgings,Corporate,Pennsylvania,Philadelphia
JK-16090,Juliana Krohn,Consumer,Nebraska,Omaha
SB-20185,Sarah Brown,Consumer,New Hampshire,Concord
BG-11035,Barry Gonzalez,Consumer,Louisiana,Monroe
BW-11065,Barry Weirich,Consumer,North Carolina,Raleigh
MG-18205,Mitch Gastineau,Corporate,Florida,Jacksonville
DO-13645,Doug O'Connell,Consumer,California,Los Angeles
BP-11050,Barry Pond,Corporate,Rhode Island,Cranston
TS-21655,Trudy Schmidt,Consumer,Wisconsin,Milwaukee
EM-14200,Evan Minnotte,Home Office,Virginia,Virginia Beach
AO-10810,Anthony O'Donnell,Corporate,California,Los Angeles
MH-17440,Mark Haberlin,Corporate,New York,New York City
SS-20515,Shirley Schmidt,Home Office,Kentucky,Louisville
LD-16855,Lela Donovan,Corporate,Illinois,Chicago
VP-21760,Victoria Pisteka,Corporate,California,San Francisco
TC-21145,Theresa Coyne,Corporate,New Jersey,Lakewood
IM-15055,Ionia McGrath,Consumer,California,Roseville
AR-10570,Anemone Ratner,Consumer,Georgia,Columbus
CM-12715,Craig Molinari,Corporate,Texas,Huntsville
FW-14395,Fred Wasserman,Corporate,Alabama,Huntsville
LC-16960,Lindsay Castell,Home Office,Virginia,Arlington
HE-14800,Harold Engle,Corporate,Illinois,Chicago
BD-11560,Brendan Dodson,Home Office,California,Fresno
HD-14785,Harold Dahlen,Home Office,Pennsylvania,Philadelphia
CJ-11875,Carl Jackson,Corporate,Pennsylvania,Philadelphia
RS-19870,Roy Skaria,Home Office,Iowa,Burlington
SC-20845,Sung Chung,Consumer,Illinois,Arlington Heights
RE-19405,Ricardo Emerson,Consumer,Ohio,Kent
SM-20905,Susan MacKendrick,Consumer,Ohio,Newark
