КОПУК,Название,Адрес,Число дней работы парка (Единица),Общая площадь парка (Гектар),Число досуговых объектов: всего (Единица),Число досуговых объектов: требуют капитального ремонта  (Единица),Число досуговых объектов: работающие круглогодично (Единица),"Количество спортивных объектов (залов, площадок): в летний сезон (Единица)","Количество спортивных объектов (залов, площадок): в зимний сезон (Единица)",Прокат спортивного инвентаря: в летний сезон (Единица),Прокат спортивного инвентаря: в зимний сезон (Единица),"Число концертных площадок, павильонов (Единица)",Количество игровых объектов на детских площадках: в летний сезон (Единица),Количество игровых объектов на детских площадках: в зимний сезон (Единица),Количество посадочных мест в кафе и ресторанах: в летний сезон (Единица),Количество посадочных мест в кафе и ресторанах: в зимний сезон (Единица),Количество туалетов: в летний сезон (Единица),Количество туалетов: в зимний сезон (Единица),Наличие доступа в Интернет (Единица),Число культурно-массовых и физкультурно-оздоровительных мероприятий: всего (Единица),Численность работников: всего (Человек),Численность работников: штатных (Человек)
276800,ЦПКО им.М.Горького,"119049, г.Москва, улица Крымский Вал, дом 9, строение 1",365,209,126,7,61,17,18,TRUE,TRUE,6,136,136,3481,1160,43,43,TRUE,2348,520,514
276834,"ПКО ""Сокольники""","107113, г.Москва, улица Сокольнический Вал, дом 1, строение 1",365,"503,1",76,15,65,37,32,TRUE,TRUE,6,162,125,2994,1831,22,19,TRUE,2459,390,344
276995,"ГАУК г.Москвы ""Парк ""Зарядье""","109012, г.Москва, улица Варварка, домовладение 6, строение 1",365,"10,2",28,,28,,,,,2,25,25,634,634,27,27,TRUE,2690,307,303
276124,ЦПКО им.С.М.Кирова,"197110, г.Санкт-Петербург, остров Елагин, дом 4",365,96,30,6,14,5,4,TRUE,TRUE,2,19,19,781,225,4,3,TRUE,283,288,279
272053,"Парки, инвестиции, туризм г.Краснодар","350911, Краснодарский край, город Краснодар, улица Трамвайная, дом 2",365,122,125,,125,12,1,TRUE,,7,,,,,10,10,TRUE,1263,227,227
282657,Объединение ПКО г.Нальчик,"Кабардино-Балкарская Респ., город Нальчик, проспект Шогенцукова",365,203,4,,,,,,,,,,,,4,,TRUE,,187,187
280011,Екатеринбургский ЦПКО им.Маяковского,"620100, Свердловская обл., город Екатеринбург, улица Мичурина, дом 230",365,94,14,,,1,2,TRUE,TRUE,2,6,8,334,334,4,2,TRUE,78,181,181
278401,ЦПКО им.В.Белинского,"440026, Пензенская обл., город Пенза, улица Карла Маркса, владение 1",365,274,46,2,40,6,6,,,4,40,40,,,2,2,TRUE,2243,179,179
274985,Новокузнецкий ГПКО им.Ю.Гагарина,"654007, Кемеровская обл., город Новокузнецк, улица Спартака, дом 5",291,18,41,,,2,1,TRUE,TRUE,1,19,,160,,8,2,TRUE,107,163,21
279885,ГПКО им.Гагарина,"Сахалинская обл., город Южно-Сахалинск, улица Детская",365,"52,2",25,,21,5,3,,,4,7,7,300,80,2,1,TRUE,494,158,158
276209,"ПКО ""Дубки"", Сестрорецк","197706, г.Санкт-Петербург, город Сестрорецк, переулок Большой Литейный, дом 37",365,"60,5",7,,7,3,2,TRUE,TRUE,2,11,11,,,4,3,TRUE,729,136,129
276247,Зеленогорский ПКО,"197720, г.Санкт-Петербург, город Зеленогорск, шоссе Приморское, дом 536",365,"22,3",24,3,15,14,6,TRUE,TRUE,4,19,18,,,2,2,TRUE,770,135,126
271466,"ПО ""Ставропольские ПКО""","355037, Ставропольский край, город Ставрополь, улица Шпаковская, дом 111",365,"198,8",150,3,79,10,3,TRUE,TRUE,36,411,60,1880,903,25,18,TRUE,1506,130,35
277610,"Одинцовский парк культуры, спорта и отдыха","143003, Московская обл., район Одинцовский, город Одинцово, улица Молодежная, дом 1",365,"145,6",7,,4,4,3,,,,22,22,,,12,12,TRUE,755,114,114
276849,Измайловский ПКО,"105187, г.Москва, аллея Большого Круга, дом 7",365,313,17,1,,6,6,TRUE,TRUE,5,15,15,206,206,6,6,TRUE,738,110,110
277875,"ПКО им.30-летия ВЛКСМ, Омск","644021, Омская обл., город Омск, улица Маяковского, дом 96",213,"151,1",72,3,46,4,4,TRUE,TRUE,2,7,2,,,16,6,TRUE,1060,99,99
281230,"ПКО ""Победа""","Ульяновская обл., город Ульяновск, улица Юности",365,"61,3",13,,,2,3,,TRUE,2,15,16,620,190,9,4,TRUE,78,92,52
271385,Хабаровский краевой парк им.Н.Н.Муравьева-Амурского,"680000, Хабаровский край, город Хабаровск, улица Шевченко, дом 15",365,14,4,,,2,,,,2,,,,,2,,TRUE,50,88,88
281508,ЦПКО им.Ю.Гагарина,"Челябинская обл., город Челябинск, улица Коммуны",365,"52,2",28,,23,17,7,TRUE,TRUE,4,36,29,340,72,12,8,TRUE,196,85,85
273681,"Автозаводский парк, Нижний Новгород","603083, Нижегородская обл., город Нижний Новгород, улица Героя Советского Союза Прыгунова, дом 2",365,"73,7",29,,14,9,5,TRUE,TRUE,1,37,39,780,549,36,15,TRUE,139,84,73
283359,Детский парк г.Симферополь,"295017, Респ. Крым, город Симферополь, проспект Кирова, дом 51",365,10,27,7,27,2,2,,,1,5,3,,,2,2,TRUE,208,81,81
276853,"ПКО ""Фили""","г.Москва, ул. Б. Филевская, 22",365,463,55,,50,26,29,TRUE,TRUE,,,,,,,,,390,79,79
277108,"ГПКО, Балашиха","143904, Московская обл., город Балашиха, улица Парковая, владение 4",365,"62,1",21,6,21,15,2,TRUE,TRUE,4,87,87,304,200,5,5,TRUE,295,77,71
277358,"Городские парки г,Дубны","141983, Московская обл., город Дубна, улица Володарского, дом 1/7",365,"23,8",6,,5,4,1,,,1,9,9,40,,2,,TRUE,78,75,30
277146,"Домодедовский ГПКО ""Елочки""","142000, Московская обл., город Домодедово, Каширского шоссе, дом 107",365,"26,9",9,,8,3,2,TRUE,TRUE,2,11,10,220,80,4,4,TRUE,675,73,59
281692,ПКО г.Снежинска,"Челябинская обл., город Снежинск",365,"17,4",8,,6,2,2,TRUE,TRUE,3,3,1,,,4,2,TRUE,371,72,72
283607,"ГПКО, Саранск","430009, Респ. Мордовия, город Саранск, улица Краснофлотская, дом 12",365,"15,4",76,12,33,26,26,,TRUE,3,56,56,,,10,1,TRUE,339,71,71
283414,ЦПКО г.Йошкар-Ола,"424002, Респ. Марий Эл, город Йошкар-Ола, улица Комсомольская, дом 124",247,13,72,35,46,5,5,TRUE,,2,2,1,,,3,1,TRUE,620,71,68
276904,"ПКО ""Бабушкинский""","129281, г.Москва, улица Менжинского, дом 6",365,195,85,,73,16,15,TRUE,TRUE,8,296,291,140,100,15,9,TRUE,837,67,67
270772,"Парки отдыха ""Ривьера-Сочи""","Краснодарский край, город Сочи, улица Егорова",365,"14,7",36,,22,8,8,,,1,1,1,,,3,3,TRUE,2310,67,67
270289,Парки г.Новороссийска,"Краснодарский край, город Новороссийск, ул. Советская , 53",365,31,29,,29,5,5,,,3,24,24,,,4,4,,86,65,65
281527,Гор.сад им.Пушкина,"454091, Челябинская обл., город Челябинск, улица Орджоникидзе, дом 58А",365,28,13,5,4,2,2,TRUE,TRUE,3,26,20,200,,5,2,TRUE,140,65,65
279457,Центр культ.-досуг. деят-ти г.Таганрога,"347949, Ростовская обл., город Таганрог, улица Петровская, домовладение 104, корпус 1",365,"19,8",16,,4,2,1,,,4,9,4,200,,6,2,TRUE,639,65,65
277678,"ПКО ""Березовая Роща""","630015, Новосибирская обл., город Новосибирск, улица Планетная, дом 53",365,"31,2",146,,61,9,11,TRUE,TRUE,2,14,6,550,240,3,1,TRUE,161,62,62
277517,Парки Великого Новгорода,"Новгородская обл., город Великий Новгород, улица Мерецкова-Волосова",365,"38,2",58,,19,2,,,,1,7,7,,,1,1,TRUE,56,59,56
270467,Северский ПКО им.Пушкина,"353240, Краснодарский край, район Северский, станица Северская, улица Ленина, 108",365,"6,2",29,,14,1,,,,4,16,,,,2,2,TRUE,566,59,54
278806,ПКО им.С.М.Кирова г.Железногорск,"Красноярский край, город Железногорск",365,25,13,3,6,1,1,TRUE,TRUE,3,14,3,45,10,3,1,TRUE,288,57,53
271012,Парки Красногорска,"143444, Московская обл., район Красногорский, город Красногорск, микрорайон Опалиха, улица Есенинская, владение 15",365,"90,4",43,,34,16,15,TRUE,TRUE,5,58,58,60,30,4,4,,292,53,53
284224,"ОАО ""Летний сад им.М.Горького""","426008, Удмуртская Респ., город Ижевск, улица Милиционная, дом 4",365,"99,3",44,,1,,2,TRUE,TRUE,3,16,,150,,15,2,TRUE,216,52,27
277682,"ПКО ""Бугринская Роща""","630033, Новосибирская обл., город Новосибирск, улица Саввы Кожевникова, дом 39",365,"17,2",50,,30,4,3,TRUE,TRUE,2,29,29,,,6,5,TRUE,145,52,50
276891,"ПКО ""Таганский""","109147, г.Москва, улица Таганская, дом 40-42",365,"7,2",35,,25,8,6,TRUE,TRUE,3,52,52,59,35,3,3,TRUE,148,51,49
276957,"ГАУК  г.Москвы ""Поклонная гора""","121170, г.Москва, улица Братьев Фонченко, дом 7",365,89,42,,42,5,5,TRUE,TRUE,,27,27,300,200,10,10,TRUE,275,50,49
275808,"ЦПКО, Курган","640002, Курганская обл., город Курган, улица Гоголя, дом 1",331,32,40,,22,3,1,TRUE,TRUE,1,15,11,,,6,2,TRUE,249,50,27
278609,"ПКО ""Олимпийский""","440039, Пензенская обл., город Пенза, улица Гагарина, дом 6",365,"5,6",16,,12,7,5,TRUE,TRUE,4,2,,60,40,5,5,TRUE,3120,48,48
276919,Лианозовский ПКО,"127572, г.Москва, улица Угличская, дом 13",365,86,110,,,35,36,TRUE,TRUE,8,360,360,500,150,22,22,TRUE,495,47,47
272852,Детский городской парк г.Волгограда,"400074, Волгоградская обл., город Волгоград, улица Иркутская, владение 8",365,"2,5",6,,4,,,,,3,10,10,,,5,5,TRUE,311,47,47
284807,Центр управления общественными пространствами,"677008, Респ. Саха (Якутия), город Якутск, улица Лермонтова, дом 64/2",195,"155,4",2,,,,,,TRUE,2,2,,,,,,TRUE,326,46,46
277288,Раменский ГПКО,"140108, Московская обл., район Раменский, город Раменское, улица Первомайская, дом 2",365,"18,4",55,,12,5,2,TRUE,TRUE,3,31,31,72,,5,4,TRUE,52,46,46
274167,ЦПКО г.Калининграда,"236022, Калининградская обл., город Калининград, проспект Победы, дом 1",365,"16,9",57,,40,,,,,1,8,5,,,3,1,TRUE,137,45,39
276514,Нижний парк г.Липецка,"398020, Липецкая обл., город Липецк, улица Ленина, дом 31А",365,"111,3",51,3,6,2,2,,TRUE,3,22,22,,,2,1,TRUE,599,44,22
279255,ПКО им.Островского,"Ростовская обл., город Ростов-на-Дону, проспект Сельмаш",365,"24,4",40,,11,3,2,TRUE,,,,,,,,,,241,44,44
275719,Парковый комплекс истории техники им.К.Г.Сахарова,"Самарская обл., город Тольятти, шоссе Южное",364,23,4,,2,,,,,2,5,5,50,50,9,6,TRUE,40,44,38
277714,ПКО им.С.М.Кирова,"630108, Новосибирская обл., город Новосибирск, улица Станиславского, дом 1а",365,"6,6",25,,18,3,3,,,2,10,10,,,3,3,TRUE,389,44,44
270503,"Адлерский филиал ПКО ""Ривьера-Сочи""","Краснодарский край, город Сочи, улица Ромашек",365,"2,8",7,,7,2,2,,,1,1,1,,,2,2,TRUE,640,44,44
270274,Кропоткинский ПКО,"352380, Краснодарский край, район Кавказский, город Кропоткин, улица Красная, дом 13",365,"1,7",9,,5,1,1,,,1,1,1,,,2,1,TRUE,1376,44,25
270433,Каневский ПКО им.30-летия Победы,"Краснодарский край, район Каневской, станица Каневская, улица Вокзальная",360,"3,4",34,,34,1,1,,,,10,10,,,1,1,TRUE,345,43,43
278971,ГКДЦ им.Горького,"344002, Ростовская обл., город Ростов-на-Дону, улица Большая Садовая, дом 45",365,"8,5",43,,32,2,2,,,2,3,3,,,4,2,TRUE,1991,42,42
276868,"Московский гор.сад ""Эрмитаж""","127006, г.Москва, улица Каретный Ряд, дом 3, строение 7",365,5,21,1,9,,2,,TRUE,4,32,32,410,300,1,1,TRUE,274,41,41
273728,"ПКО ""Харинка""","153027, Ивановская обл., город Иваново, улица Павла Большевикова, дом 29",313,"231,6",44,,15,1,2,TRUE,TRUE,2,22,22,,,6,6,TRUE,358,40,39
272532,ЦПКО г.Владимира,"600017, Владимирская обл., город Владимир, улица Мира, дом 36",365,"29,3",147,,91,10,6,TRUE,TRUE,2,20,16,,,4,4,TRUE,340,40,40
276482,"ПКО, Сланцы","Ленинградская обл., район Сланцевский, город Сланцы, улица Партизанская",365,"6,5",20,,12,3,3,TRUE,TRUE,2,3,3,,,2,2,TRUE,429,40,40
273766,"ПКО им.35-летия Победы, Кинешма","Ивановская обл., город Кинешма, улица Завокзальная",335,52,11,,5,1,1,,TRUE,1,15,15,,,1,1,TRUE,95,39,39
270293,Ейский ГПКО им.Поддубного,"353690, Краснодарский край, район Ейский, город Ейск, улица Первомайская, дом 189/3",365,20,28,,3,3,,,,1,,,,,1,,TRUE,100,39,39
279052,ПКО им.Октября,"344064, Ростовская обл., город Ростов-на-Дону, улица 56 Армии, дом 1",247,"7,2",20,1,13,10,8,TRUE,,1,3,3,,,2,1,TRUE,193,39,20
274203,Дирекция ландшафтн.парков г.Калининграда,"236004, Калининградская обл., город Калининград, улица Аллея смелых, дом 2",247,"130,1",8,,8,3,3,,,1,116,116,,,3,3,TRUE,32,38,37
281620,"Парк ""Металлург"" им.О.И.Тищенко","Челябинская обл., город Челябинск, улица 60-летия Октября",365,30,8,1,7,2,2,,,,,,,,,,,185,38,38
270490,Майкопский ГПКО,"385013, Респ. Адыгея, город Майкоп, улица Пушкина, дом 181",365,"23,1",76,,32,2,1,TRUE,TRUE,2,3,3,250,50,3,3,TRUE,203,38,38
276938,Перовский ПКО,"111398, г.Москва, улица Лазо, дом 7",365,64,51,,33,20,6,TRUE,TRUE,4,66,61,70,70,7,6,TRUE,257,37,37
282411,Сибайский ПКО,"Респ.Башкортостан, город Сибай, улица Чайковского",247,"1,6",28,7,3,22,5,TRUE,TRUE,1,3,2,12,12,4,4,TRUE,176,37,4
277339,Объединенная дирекция парков г.Химки,"141402, Московская обл., город Химки, улица Ленинградская, дом 18а",365,"89,4",106,,,18,18,TRUE,TRUE,6,103,103,160,30,9,9,TRUE,148,36,36
272617,"ГПКО, Радужный","Владимирская обл., город Радужный",242,69,37,,17,29,6,TRUE,TRUE,,,,,,,,,117,36,5
280312,ПКО г.Лесной,"Свердловская обл., город Лесной",365,"9,1",82,,37,2,1,,TRUE,1,19,19,,,4,4,TRUE,89,36,36
278238,Орловский ГПКО,"302040, Орловская обл., город Орёл, улица Максима Горького, владение 36",365,8,51,3,31,1,1,,,4,20,20,667,,3,3,TRUE,529,36,25
278399,"Детский парк ""Левый берег Орлика""","302028, Орловская обл., город Орёл, улица Левый Берег реки Орлик, строение 21",365,"6,5",37,2,33,5,4,,,4,29,24,15,,2,2,TRUE,526,36,33
278933,"ПКО им.Пушкина, Псков","180000, Псковская обл., город Псков, проспект Октябрьский, дом 34",247,"5,6",19,,7,5,5,,TRUE,2,3,3,50,50,3,2,TRUE,208,36,36
272000,ПКО им.300-летия Кубанского Казач.Войска,"353730, Краснодарский край, район Каневской, станица Каневская, улица Таманская, дом 104",365,5,63,,54,1,1,,,1,2,2,,,1,1,TRUE,362,36,36
272246,Гор.объединение парков культуры и отдыха,"241050, Брянская обл., город Брянск, бульвар Гагарина, дом 33",365,"38,8",114,37,74,27,16,TRUE,TRUE,10,51,38,,,4,,TRUE,1020,35,35
284493,"ПКО им.Серго, Малгобек","Респ. Ингушетия, город Малгобек, улица Осканова",300,"32,5",1,1,,,,,,,,,,,,,TRUE,8,35,35
276887,"ПКО ""Красная Пресня""","117042, г.Москва, ул. Мантулинская, дом 5 стр. 2",365,23,24,,18,10,10,TRUE,TRUE,3,68,68,102,51,8,8,TRUE,264,35,32
281584,Южно-Уральский ГПКО,"457040, Челябинская обл., город Южноуральск, улица Парковая, дом 2А, корпус 1",365,"18,3",8,,6,4,3,TRUE,TRUE,1,4,3,,,5,3,TRUE,39,35,8
270452,Новокубанский ГПКО,"352240, Краснодарский край, район Новокубанский, город Новокубанск, улица Первомайская, владение 130",365,"15,7",23,,17,5,5,,,2,23,23,,,1,1,TRUE,210,35,35
277019,"ПКО, Жуковский","140181, Московская обл., город Жуковский, улица Фрунзе, дом 10",350,"9,1",19,,14,2,4,TRUE,TRUE,3,22,18,136,52,2,2,TRUE,184,35,35
276177,ПКО г.Колпино,"196653, г.Санкт-Петербург, город Колпино, улица Стахановская, дом 15, корпус 1",365,"1,2",8,1,5,1,1,TRUE,TRUE,3,8,8,,,8,8,TRUE,54,35,35
281688,ПКО г.Озерска,"Челябинская обл., город Озерск",365,"128,7",13,1,6,1,,,,3,6,1,,,2,2,TRUE,46,34,33
279086,"МУП ""Фиеста"", Новочеркасск","Ростовская обл., город Новочеркасск, проспект Платовский",365,10,30,1,1,,,,,4,6,6,150,80,3,2,TRUE,805,34,34
273573,"ПКО, Выкса","Нижегородская обл., город Выкса, улица Академика Королева",365,"39,9",17,4,13,5,4,TRUE,TRUE,,4,5,,,2,2,TRUE,162,33,33
270359,Кореновский ПКО,"Краснодарский край, район Кореновский, город Кореновск, улица В.Павленко",171,"8,3",11,,10,,,,,1,8,8,,,2,2,TRUE,68,33,33
270255,ГПКО г.Армавира,"352900, Краснодарский край, город Армавир, улица Ленина, дом 88",226,"3,5",27,1,24,1,1,,,1,2,2,100,50,1,1,TRUE,207,33,33
284262,"Гор.сад им.Чайковского, Воткинск","427432, Удмуртская Респ., город Воткинск, улица Волгоградская, дом 10",247,"0,6",1,1,,,,,,1,,,,,,,TRUE,135,32,32
282680,Дирекция по паркам культуры и отдыха,"670000, Респ. Бурятия, город Улан-Удэ, проспект Победы, дом 9",365,"37,5",10,,10,3,3,TRUE,TRUE,3,41,47,,,18,11,TRUE,30,31,31
276478,Сосновоборский ПКО,"188540, Ленинградская обл., город Сосновый Бор, улица Сибирская, дом 11",365,29,8,1,5,3,3,,,2,7,4,46,40,4,4,TRUE,490,31,28
280519,Дирекция культуры и мас.отдыха г.Тамбов,"392000, Тамбовская обл., город Тамбов, улица Советская, дом 99",180,"8,3",8,,,,,,,1,14,,,,1,,TRUE,250,31,21
277644,"ПКО ""Центральный""","630099, Новосибирская обл., город Новосибирск, улица Мичурина, дом 8",365,"7,6",80,3,20,1,1,,TRUE,1,7,7,330,70,4,3,TRUE,462,31,31
277220,"Городской парк культуры и отдыха г,Ногинск","142400, Московская обл., район Ногинский, город Ногинск, улица Леснова, дом 2",365,"44,7",27,,21,6,6,TRUE,TRUE,1,20,18,70,20,11,11,TRUE,434,30,25
274468,"МУП г.Твери ""Дирекция парков""","170100, Тверская обл., город Тверь, улица Советская, дом 5, корпус 4",214,"17,9",34,,18,1,,,TRUE,1,2,2,,,5,5,TRUE,75,30,30
280100,Нижнетагильский ГПКО им.А.Бондина,"Свердловская обл., город Нижний Тагил, улица Уральская",335,"7,6",56,,14,,1,,TRUE,,2,2,,,2,1,,98,30,30
276872,Сад культуры и отдыха им.Н.Э.Баумана,"г.Москва, ул. Старая Басманная , 15",365,5,22,,10,4,3,TRUE,,,,,,,,,,783,30,30
287580,Златоустовские ПКО,"Челябинская обл., город Златоуст, улица Таганайская",315,"115,7",12,,4,2,1,TRUE,TRUE,2,3,3,,,1,1,TRUE,58,29,28
279353,Александровский ПКО г.Шахты,"346500, Ростовская обл., город Шахты, улица Шевченко, дом 135",365,"20,5",,,,,,,,,,,,,2,,TRUE,32,29,29
270325,"Лазаревский филиал ПКО ""Ривьера-Сочи""","Краснодарский край, город Сочи, ул. Павлова, 2",365,"6,2",15,,15,4,4,,,1,1,1,,,3,3,TRUE,637,29,29
277729,"ПКО ""У моря Обского""","630056, Новосибирская обл., город Новосибирск, улица Софийская, дом 15",365,"43,3",17,8,10,,,,TRUE,3,9,9,50,50,2,2,TRUE,134,28,28
272595,"ПКО ""Дружба"", Владимир","600022, Владимирская обл., город Владимир, улица Верхняя Дуброва, дом 22Д",365,"17,6",47,3,24,8,5,TRUE,TRUE,1,19,19,,,1,1,TRUE,249,28,28
271614,"ГПКО, Благовещенск","675000, Амурская обл., город Благовещенск, улица Ленина, дом 144",229,"14,6",24,,,3,2,,TRUE,2,31,25,,,2,1,TRUE,305,28,28
284794,Детский ПКО им.А.Г.Николаева,"428020, Чувашская Респ., город Чебоксары, улица Космонавта Николаева А.Г., дом 6, строение А",365,"3,8",2,,,,,,,1,6,6,24,24,4,4,TRUE,136,28,28
271366,"ГПКО, Хабаровск","680000, Хабаровский край, город Хабаровск, улица Льва Толстого, дом 2",365,"15,3",29,,29,,,,,1,28,28,,,1,,TRUE,1,27,23
277733,"ПКО ""Первомайский""","630037, Новосибирская обл., город Новосибирск, улица Маяковского, дом 5А",365,"6,1",29,,16,6,6,TRUE,,2,16,16,40,,1,1,TRUE,222,27,27
284101,Национальный ПКО Респ.Тыва,"Респ. Тыва, город Кызыл, улица Кочетова",365,70,5,1,,2,,,,3,1,,40,,5,1,TRUE,38,26,26
278628,ПКО г.Перми,"614032, Пермский край, город Пермь, улица Маршала Рыбалко, дом 106",365,"27,5",41,,35,4,3,,,3,36,32,,,7,7,TRUE,531,26,24
277362,Щелковский ГПКО,"Московская обл., район Щелковский, город Щелково, улица Пушкина",365,"20,4",38,,29,9,7,TRUE,TRUE,2,49,46,170,,6,4,TRUE,123,26,26
281423,"ГПКО, Сургут","628417, Ханты-Мансийский а.о-Югра, город Сургут, улица Студенческая, дом 16",285,"4,5",8,,4,1,1,TRUE,TRUE,2,,,,,1,1,TRUE,66,26,26
270664,"ДПКО ""Орленок"", Абакан","655017, Респ. Хакасия, город Абакан, проспект Ленина, дом 53",153,"3,8",8,,5,1,1,,,1,23,,,,2,,TRUE,101,26,26
281550,Сад Победы,"454071, Челябинская обл., город Челябинск, улица Героев Танкограда, дом 79",365,"33,4",4,,,3,,,,1,36,36,,,1,1,TRUE,114,25,25
270185,Горячеключевский ПКО им.30-летия Победы,"353292, Краснодарский край, город Горячий Ключ, улица Октябрьская, дом 131",365,"22,5",15,2,11,3,2,,,1,8,8,,,1,1,TRUE,132,25,25
279002,"ПКО ""Дружба""","344092, Ростовская обл., город Ростов-на-Дону, проспект Космонавтов, дом 9",365,"8,3",25,2,25,5,5,,,2,3,,,,5,5,TRUE,208,25,25
280581,Мичуринский ПКО,"393760, Тамбовская обл., город Мичуринск, улица Советская, дом 355",313,"2,8",37,,3,2,,,,2,13,1,,,3,2,TRUE,355,25,25
285034,"ПКО ""Загородный"", Владимир","600023, Владимирская обл., город Владимир, шоссе Судогодское, дом 4",365,"40,1",58,,25,5,,TRUE,TRUE,2,8,8,,,4,2,TRUE,143,24,24
270382,"ГПКО ""Юность"", Апшеронск","Краснодарский край, район Апшеронский, город Апшеронск, улица Зорге",365,"6,9",10,,8,3,3,,,2,6,6,,,1,1,TRUE,326,24,24
272049,Новоминский ПКО им.А.В.Гусько,"353700, Краснодарский край, район Каневской, станица Новоминская, улица Черноморская, дом 47Б",365,"5,7",7,6,,,,,,1,2,2,,,1,1,,77,24,17
271794,Северодвинский ГПКО,"164520, Архангельская обл., город Северодвинск, улица Советская, дом 30",365,"3,6",67,,34,2,2,TRUE,TRUE,1,5,5,,,3,3,TRUE,23,24,24
277112,Парк отдыха г.Видное,"142703, Московская обл., район Ленинский, город Видное, переулок Клубный, владение 1",365,"285,5",15,,12,3,4,,TRUE,3,32,32,310,70,9,9,TRUE,304,23,23
279391,"Волгодонский ПКО ""Победа""","347360, Ростовская обл., город Волгодонск, улица М.Горького, дом 77",365,"13,4",8,,5,1,2,,TRUE,1,4,4,68,36,2,,TRUE,56,23,23
277697,"ПКО ""Сосновый Бор""","630110, Новосибирская обл., город Новосибирск, улица Учительская, дом 49",365,"8,4",39,,3,3,3,TRUE,TRUE,1,2,2,80,52,2,2,TRUE,121,23,23
284313,"Гор.сад им.Пушкина, Сарапул","427960, Удмуртская Респ., город Сарапул, улица Горького, дом 56а/1",334,"2,4",23,1,7,1,,,TRUE,1,6,2,,,1,1,TRUE,190,23,21
277269,Парк культуры и отдыха им.В.Талалихина,"142100, Московская обл., город Подольск, улица Рабочая, дом 5в",365,28,14,,7,1,1,TRUE,TRUE,2,16,16,200,50,4,3,TRUE,96,22,12
270378,Туапсинский ГПКО,"352800, Краснодарский край, район Туапсинский, город Туапсе, площадь Ильича, дом 2",365,"2,2",3,1,1,,,,,1,,,,,2,2,TRUE,278,22,22
276976,"Усадьба ""Воронцово""","117630, г.Москва, территория Воронцовский Парк, дом 3",365,"38,2",17,,12,8,8,TRUE,TRUE,1,49,49,53,53,4,4,TRUE,166,21,21
277061,Парк культуры и отдыха г.Долгопрудного,"Московская обл., город Долгопрудный, улица Циолковского",365,"26,6",89,,47,19,14,TRUE,TRUE,5,87,87,370,186,4,4,TRUE,215,21,21
280115,Первоуральский ГПКО,"623104, Свердловская обл., город Первоуральск, улица Гагарина, дом 24а",366,23,1,,1,,,,,,4,4,,,5,5,TRUE,24,21,21
277409,"Парк культуры и отдыха ""Родина""","141901, Московская обл., район Талдомский, город Талдом, улица Победы, дом 35",365,"7,7",15,,9,2,1,TRUE,,2,9,8,40,40,3,2,TRUE,252,21,13
280045,"ПКО, Верхняя Пышма","624090, Свердловская обл., город Верхняя Пышма, улица Чкалова, дом 83",290,"50,7",7,,6,2,2,TRUE,TRUE,2,3,,,,1,1,TRUE,308,20,20
271436,Дирекция упр-ния парками Наро-Фоминского мун.района,"143300, Московская обл., район Наро-Фоминский, город Наро-Фоминск, площадь Свободы, дом 8",365,"29,44",24,,13,9,2,TRUE,,2,16,17,,,1,1,TRUE,613,20,20
281211,Владимирский сад,"Ульяновская обл., город Ульяновск, улица Плеханова",365,"8,8",1,,1,,,,,1,4,4,,,1,1,TRUE,112,20,20
276779,"ГПКО, Магадан","685099, Магаданская обл., город Магадан, проспект Ленина, дом 21-а",365,"7,4",36,2,8,2,,,,1,3,3,24,,1,,TRUE,54,20,20
270109,"Культ.-досуг.объед.""Прометей"",Рубцовск","658200, Алтайский край, город Рубцовск, переулок Гражданский, дом 17",134,"5,5",3,,,1,1,,,1,2,2,300,,4,4,TRUE,32,20,20
279033,ДПКО им.Вити Черевичкина,"Ростовская обл., город Ростов-на-Дону, площадь Театральная",365,3,24,1,9,4,4,,,1,3,3,,,1,,TRUE,202,20,20
281252,Парк Прибрежный,"432067, Ульяновская обл., город Ульяновск, проспект Ленинского Комсомола, дом 41",365,433,30,,5,1,1,TRUE,TRUE,1,35,35,55,55,9,9,TRUE,206,19,12
273713,ПКО им.Революции 1905 года,"153030, Ивановская обл., город Иваново, улица Первых Маевок, дом 55",365,"177,3",21,1,10,3,4,TRUE,TRUE,1,3,2,,,4,2,TRUE,173,19,19
273554,"ПКО им.А.Гайдара, Арзамас","Нижегородская обл., город Арзамас, улица Ленина",365,"26,4",6,1,1,2,,,,1,31,30,,,2,1,TRUE,88,19,19
276637,"Парк ""Быханов сад"", Липецк","398002, Липецкая обл., город Липецк, улица Гагарина, дом 70/В",365,"13,6",37,,,1,2,,TRUE,2,,,,,1,1,TRUE,305,19,16
279264,Сальский ПКО,"347630, Ростовская обл., район Сальский, город Сальск, переулок Спортивный, дом 1-а",134,4,19,2,3,3,2,,,1,8,5,,,1,1,TRUE,66,19,3
279048,ПКО им.1 Мая,"344006, Ростовская обл., город Ростов-на-Дону, улица Большая Садовая, дом 127-129",365,"3,5",17,,17,4,4,,,4,1,1,,,1,1,TRUE,215,19,19
271898,"Парк аттракционов ""Потешный двор""","163069, Архангельская обл., город Архангельск, улица Воскресенская, дом 3, корпус 2",140,"1,5",18,,,,,,,,,,,,1,,TRUE,17,19,19
271332,"МАУК ""Аттракцион""","Ставропольский край, город Ессентуки, улица Пушкина",365,"38,1",19,,12,8,6,TRUE,,3,4,4,100,,5,5,TRUE,479,18,18
276961,"Парк культуры и отдыха ""Ходынское поле""","109559, г.Москва, улица Марьинский Парк, владение 10, строение 4",365,"28,8",,,,,,,,,,,,,,,,1,18,17
279654,Парк культуры и отдыха им.В.А.Важина г.Пугачева,"413721, Саратовская обл., город Пугачев, улица Пушкинская, домовладение 280",365,16,11,,1,1,1,,,1,2,2,40,40,1,1,TRUE,275,18,18
277131,"Дмитровский ПКО ""Березовая роща""","Московская обл., район Дмитровский, город Дмитров, улица Московская",365,"7,3",19,,11,2,1,TRUE,,1,7,7,120,100,6,6,TRUE,174,18,18
280295,ГПКО г.Богданович,"623530, Свердловская обл., район Богдановичский, город Богданович, улица Парковая, дом 10",365,"6,1",21,1,3,3,3,,,3,16,16,,,2,2,TRUE,87,18,17
270306,Староминский ПКО им.30-летия Победы,"353602, Краснодарский край, район Староминский, станица Староминская, улица Красная площадь, дом 72",365,"5,7",11,,4,2,2,,,2,8,8,,,2,2,TRUE,102,18,18
271243,Новоалександровский ПКО,"356000, Ставропольский край, район Новоалександровский, город Новоалександровск, улица Советская, дом 307",306,"2,2",1,,1,,,,,1,1,1,,,1,1,,60,18,8
273696,ПКО им.В.Я.Степанова,"153025, Ивановская обл., город Иваново, улица Смольная, дом 3А",365,54,32,2,3,3,4,TRUE,TRUE,1,4,4,,,3,2,TRUE,164,17,17
277199,Люберецкий ПКО,"Московская обл., район Люберецкий, город Люберцы, проспект Октябрьский",365,"33,6",35,,27,12,10,TRUE,TRUE,3,43,43,270,100,8,8,TRUE,626,17,17
276529,"Парк Победы, Липецк","398046, Липецкая обл., город Липецк, проспект Имени 60-летия СССР, владение 36",365,32,48,,15,2,3,TRUE,TRUE,3,12,10,,,1,1,TRUE,3537,17,17
278721,"ПКО, Чусовой","Пермский край, город Чусовой, улица Сивкова",139,24,10,,,6,1,TRUE,TRUE,3,5,2,,,1,1,TRUE,16,17,4
270908,Городские парки г.Уссурийска,"Приморский край, город Уссурийск, улица Некрасова",365,"16,6",8,,3,,,,,,35,35,,,1,,TRUE,165,17,17
270113,Славгородский ГПКО,"Алтайский край, город Славгород, улица К.Либкнехта",129,7,10,,,,,,,1,1,,,,1,1,TRUE,73,17,17
277254,"ПКО, Павловский Посад","142500, Московская обл., город Павловский Посад, улица Кирова, дом 85",365,"4,3",15,2,11,2,3,,,2,10,11,164,42,3,2,TRUE,132,17,11
272975,"Парк культуры и отдыха ""Волжский""",", Волгоградская обл., город Волжский, улица Набережная, дом 10",332,"284,2",25,,15,2,,,,1,9,9,,,2,1,TRUE,41,16,14
274010,"Парк регионального значения ""Ключи""","309004, Белгородская обл., район Прохоровский, село Кострома, улица Костромская, дом 10",303,"48,5",15,,11,1,1,TRUE,TRUE,10,3,1,68,,5,5,TRUE,300,16,16
284559,"ЦПКО ""Лакреевский лес""","428003, Чувашская Респ., город Чебоксары, улица Лесная, дом 1",365,38,2,,2,,,,TRUE,1,5,5,67,35,3,2,TRUE,19,16,16
277095,"Парк культуры и отдыха ""Дубрава""","142114, Московская обл., район Подольский, город Подольск, улица Победы, дом 3",365,"37,5",1,,1,,,,,,13,13,,,2,2,,85,16,12
270429,Динской ПКО,"353204, Краснодарский край, район Динской, станица Динская, улица Красная, дом 78",167,"15,3",3,,1,,,,,,5,,,,2,2,TRUE,185,16,16
270397,Белоглинский ПКО,"353040, Краснодарский край, район Белоглинский, село Белая Глина, улица Чехова, дом 60",365,"4,7",24,,21,2,2,,,3,19,19,,,2,1,TRUE,86,16,16
278469,"Кузнецкий КДК ""Нескучный сад""","Пензенская обл., город Кузнецк, улица Комсомольская",365,"4,1",27,,7,1,1,,TRUE,1,5,5,30,,4,4,TRUE,200,16,16
270024,"ПКО ""Центральный"" г.Барнаула","Алтайский край, город Барнаул, проспект Социалистический",312,"3,5",27,2,,,1,,TRUE,1,6,1,,,6,2,TRUE,24,16,13
270414,Парк культуры и отдыха ст.Выселки,"353100, Краснодарский край, район Выселковский, станица Выселки, улица Ленина, дом 39",195,"2,2",11,,2,1,1,,,,18,,,,1,1,TRUE,47,16,16
272265,"ГПКО ""Горняцкие горизонты""","Кемеровская обл., район Таштагольский, город Таштагол, улица Ноградская",365,"1,1",3,,2,,,TRUE,TRUE,1,9,3,,,1,1,TRUE,148,16,16
277663,Заельцовский ПКО,"630001, Новосибирская обл., город Новосибирск, улица Парковая, дом 88",365,39,100,,58,11,4,TRUE,TRUE,4,3,3,80,80,10,6,TRUE,78,15,15
277502,"Парк культуры и отдыха ""Парк-Кольцово""","Новосибирская обл., район Новосибирский, рабочий поселок Кольцово",247,"14,7",5,,1,2,2,TRUE,TRUE,1,9,,,,7,7,TRUE,6,15,15
278581,Культурно-досуговый центр г.Сердобска,"Пензенская обл., район Сердобский, город Сердобск, улица М.Горького",247,"5,1",13,,3,2,1,,TRUE,1,1,1,,,2,2,TRUE,152,15,15
270403,Белореченский ГПКО,"Краснодарский край, район Белореченский, город Белореченск, ул. Ленина, 62",365,"4,8",16,,6,1,1,TRUE,TRUE,1,8,8,120,20,2,1,TRUE,577,15,6
270486,Старощербиновский ПКО им.40-летия Победы,"353620, Краснодарский край, район Щербиновский, станица Старощербиновская, улица Первомайская, дом 91/1",365,"4,7",19,,19,2,2,,,2,7,7,,,1,1,TRUE,488,15,15
278825,"ГПКО, Великие Луки","Псковская обл., город Великие Луки, набережная Краснофлотская",366,"0,9",8,5,,,,,TRUE,1,,,,,2,2,TRUE,40,15,10
277292,"ПКО, Серпухов","142200, Московская обл., город Серпухов, улица Луначарского, дом 74",365,"36,7",46,,39,10,8,TRUE,TRUE,4,47,47,,,6,6,TRUE,140,14,14
277305,Солнечногорский ПКО,"141503, Московская обл., район Солнечногорский, город Солнечногорск, улица Крупской, дом 3",365,"12,7",12,,5,6,5,TRUE,TRUE,1,33,34,380,180,5,3,TRUE,102,14,14
274383,Гурьевский ПКО,"238300, Калининградская обл., район Гурьевский, город Гурьевск, улица Калининградское шоссе, дом 6А",365,"12,7",6,,,4,1,TRUE,TRUE,1,30,15,500,30,1,1,TRUE,40,14,14
270194,Тимашевский ГПКО,"352702, Краснодарский край, район Тимашевский, город Тимашевск, улица Красная, дом 8",301,"6,4",13,,2,2,2,,,1,16,16,,,1,1,TRUE,152,14,14
284879,ПКО им.Г.И.Чиряева г.Нерюнгри,"Респ. Саха (Якутия), город Нерюнгри, улица Карла Маркса",247,"6,1",8,,,4,4,,,,,,,,,,TRUE,15,14,14
277165,Городские парки  Сергиева Посада,"141300, Московская обл., район Сергиево-Посадский, город Сергиев Посад, улица Вознесенская, дом 55",365,"29,9",23,,13,7,6,TRUE,,2,13,11,32,,6,3,TRUE,123,13,13
279118,ПКО им.300-летия г.Таганрога,"347932, Ростовская обл., город Таганрог, улица Сергея Шило, дом 196",365,10,,,,,,,,,,,,,1,,TRUE,10,13,13
271205,"ПКО, Изобильный","Ставропольский край, район Изобильненский, город Изобильный, улица Красная",170,"8,2",3,,,,,,,,3,3,,,1,,TRUE,172,13,11
277381,"ПКО ""Городок"", Руза","143103, Московская обл., район Рузский, город Руза, улица Красноармейская, дом 1",365,"6,3",6,,1,3,2,,TRUE,1,2,2,60,,3,2,TRUE,128,13,13
271578,Амурский ботанический сад,"682641, Хабаровский край, город Амурск, улица Школьная, дом 11",247,"0,8",1,,1,,,,,,,,,,1,1,TRUE,820,13,13
271417,Парки культуры и отдыха городского округа Ступино,"Московская обл., район Ступинский, город Ступино, рабочий поселок Михнево, улица Гоголя",365,"28,7",26,,12,5,2,,,3,42,42,52,20,4,4,TRUE,193,12,12
271390,"Парк ""Захарово""","143022, Московская обл., район Одинцовский, поселок Летний Отдых, улица Зеленая, дом 1А",365,13,8,,4,1,2,,,5,16,18,,,5,5,TRUE,575,12,12
279211,"ПКО им.Маяковского, Белая Калитва","Ростовская обл., район Белокалитвинский, город Белая Калитва, улица Парковая",365,12,7,3,1,4,,,,1,,,600,200,2,,TRUE,25,12,7
280365,"ЦПКО ""Лопатинский сад""","214000, Смоленская обл., город Смоленск, улица Ленина, дом 2А",249,11,5,,4,,,,,,,,,,,,,38,12,12
272886,Камышинский ПКО,"Волгоградская обл., город Камышин, улица Калинина",198,"6,9",11,3,,,,,TRUE,1,11,,330,,4,3,TRUE,40,12,12
278647,Березниковский ПКО,"618400, Пермский край, город Березники, проспект Ленина, дом 50",244,"6,1",8,,4,,,,TRUE,3,12,12,,,1,1,TRUE,98,12,12
270448,Гулькевичский ПКО,"352192, Краснодарский край, район Гулькевичский, город Гулькевичи, улица Ленинградская, дом 1/3",365,"2,7",17,,11,7,4,,,,,,,,,,,94,12,11
275742,Жигулевский ГПКО,"Самарская обл., город Жигулевск, улица Ленина",365,"2,3",9,,4,,,,,1,,,,,2,1,TRUE,92,12,12
284385,ПКО ст.Наурская,"Чеченская Респ., район Наурский, станица Наурская, улица Терская",228,2,3,,3,,,,,,,,,,1,1,TRUE,118,12,12
278613,Чайковский ПКО,"Пермский край, город Чайковский, улица Кабалевского",172,"1,7",2,,,1,,,,1,13,,120,,1,1,TRUE,70,12,12
287595,ПКО Калининского района,"454016, Челябинская обл., город Челябинск, улица Чайковского, дом 185",365,44,8,,8,4,4,TRUE,TRUE,,,,,,,,TRUE,25,11,11
280882,Киреевский ГПКО,"Тульская обл., район Киреевский, город Киреевск, улица Титова",312,28,16,,7,5,4,TRUE,TRUE,3,9,10,50,50,2,2,TRUE,391,11,4
277127,Парковый комплекс г.Волоколамск,"143600, Московская обл., район Волоколамский, город Волоколамск, улица Революционная, строение 5",365,"16,5",4,,4,2,1,,,1,5,5,,,1,1,,19,11,11
280454,Ярцевский ГПКО,"Смоленская обл., район Ярцевский, город Ярцево, улица Максима Горького",281,7,12,4,1,2,,,,1,6,4,,,7,2,TRUE,131,11,10
277856,ПКО г.Каргата,"632402, Новосибирская обл., район Каргатский, город Каргат, улица Транспортная, дом 14",365,"4,2",,,,,,,,,2,5,,,1,1,,2,11,11
270132,Шипуновский ПКО,"658391, Алтайский край, район Шипуновский, село Шипуново, пр. Комсомольский, 91",247,3,5,,2,,1,,,1,4,,,,2,2,,14,11,11
281279,"Парк культуры и отдыха ""Северный очаг""","629850, Ямало-Ненецкий а.о., район Пуровский, город Тарко-Сале, улица Тарасова, дом 13А",365,"2,4",12,,12,,,,,1,5,5,,,1,1,,542,11,11
279090,Новошахтинский ГПКО,"346918, Ростовская обл., город Новошахтинск, улица Советская, дом 14",306,"34,5",19,1,4,4,4,TRUE,,1,44,44,,,3,3,TRUE,248,10,10
277057,"ПКО, Лобня","141730, Московская обл., город Лобня, улица Чехова, дом 5",365,"24,7",22,1,14,4,3,TRUE,TRUE,4,57,27,30,,5,2,TRUE,297,10,10
283700,Рузаевский ПКО,"431450, Респ. Мордовия, город Рузаевка, улица Терешковой, дом 45",365,"14,4",19,1,6,1,1,,TRUE,3,5,3,,,3,1,TRUE,89,10,10
271510,Парк Северный,"680013, Хабаровский край, город Хабаровск, улица Ленинградская, дом 30",365,"12,1",5,,5,1,1,,,,,,,,2,2,TRUE,,10,10
271370,Городской парк им.Ю.Гагарина,"680038, Хабаровский край, город Хабаровск, улица Дзержинского, дом 68",365,"5,2",,,,,,,,,,,,,,,,,10,10
279334,"ПКО, п.Целина","347760, Ростовская обл., район Целинский, поселок Целина, улица Советская, дом 10",365,"4,5",14,,3,,,,,1,15,15,,,2,1,,208,10,9
271559,Амурский дендрарий,"682640, Хабаровский край, город Амурск, проспект Мира, дом 14",248,107,4,,2,,,,,1,,,,,3,1,TRUE,1641,9,9
284277,"Культурно-спортивный центр ""Можга""","427791, Удмуртская Респ., город Можга, улица Устюжанина, дом 2",365,"10,8",26,,,4,3,,TRUE,4,21,18,,,8,6,TRUE,150,9,9
283503,"ГПКО, Волжск","Респ. Марий Эл, город Волжск, улица Ленина",365,"9,5",7,5,,1,2,TRUE,TRUE,1,10,10,,,2,2,TRUE,11,9,9
277771,"ПКО им.И.Коротеева, Искитим","633209, Новосибирская обл., город Искитим, улица Пушкина, дом 65",365,9,15,3,6,1,1,,,2,2,2,,,1,1,TRUE,100,9,9
278685,Лысьвенский ПКО им.Пушкина,"618900, Пермский край, город Лысьва, улица Мира, дом 46",365,8,7,1,6,4,1,,TRUE,2,10,5,50,50,2,1,TRUE,45,9,5
277377,Лотошинский ПКО,"Московская обл., район Лотошинский, рабочий поселок Лотошино, улица Заводская",365,7,7,,6,,,,,,32,32,20,,2,2,TRUE,148,9,9
271154,"ПКО им.С.Гуцериева, аул Хабез","Карачаево-Черкесская Респ., район Хабезский, аул Хабез, ул. Умара Хабекова",365,"4,9",13,,12,,,,,,12,,,,1,1,,,9,1
276548,Городской парк г.Ельца,"399770, Липецкая обл., город Елец, улица Коммунаров, дом 12А",365,"3,1",38,,3,1,2,,,3,1,2,150,120,3,1,TRUE,569,9,6
270147,"ПКО им.Горького, с.Мамонтово","658560, Алтайский край, район Мамонтовский, село Мамонтово, улица Советская, владение 142",110,3,12,,,,,,,1,3,,,,2,2,,13,9,1
273338,Бутурлиновский культурный центр,"397500, Воронежская обл., район Бутурлиновский, город Бутурлиновка, улица Красная, дом 46",313,2,2,,1,1,,,,1,1,,,,1,1,TRUE,161,9,2
282676,"Тырныаузский ПКО ""Солнышко""","361624, Кабардино-Балкарская Респ., район Эльбрусский, город Тырныауз, проспект Эльбрусский, дом 74",216,"0,5",5,3,2,,,,,,,,,,1,1,TRUE,5,9,5
284614,Алатырский ГПКО,"Чувашская Респ., город Алатырь, улица Комсомола",365,"118,4",46,6,39,8,8,,,1,31,27,,,,,TRUE,21,8,8
272138,Волоконовский ПКО,"Белгородская обл., район Волоконовский, поселок Волоконовка, улица Ленина",365,"28,6",40,,22,17,8,TRUE,TRUE,8,22,9,,,5,5,TRUE,922,8,3
280986,"ПКО, г.Узловая","301602, Тульская обл., район Узловский, город Узловая, улица 14 Декабря, дом 2",247,22,8,1,6,2,2,,,2,34,34,,,,,TRUE,130,8,8
271667,Объед.дирекция ГПКО г.Белогорска,"676850, Амурская обл., город Белогорск, улица Набережная, дом 166",217,11,5,,1,1,2,,TRUE,,1,1,,,1,,TRUE,103,8,8
278717,Мемориальный ботанический сад им.Г.А.Демидова,"618551, Пермский край, город Соликамск, улица Клары Цеткин, дом 22",365,"7,3",1,,,,,,,,,,,,2,2,TRUE,59,8,8
279122,Песчанокопский ПКО,"347570, Ростовская обл., район Песчанокопский, село Песчанокопское, улица Суворова, дом 2а",365,"6,8",13,1,1,2,1,,,,,,,,3,3,TRUE,146,8,8
275032,Тяжинский ПКО,"Кемеровская обл., район Тяжинский, село Старый Тяжин",250,3,3,1,1,1,,,,1,1,,,,2,2,TRUE,347,8,8
271169,"Детский парк ""Победы"" развл. и аттракц.","Карачаево-Черкесская Респ., город Черкесск, площадь Кирова",365,3,6,2,4,1,,,,,,,,,,,,10,8,8
283344,Усинский ПКО,"169711, Респ. Коми, город Усинск, улица Молодежная, дом 2",260,"1,2",5,1,3,,,,TRUE,1,19,9,,,5,5,TRUE,50,8,8
270518,"Хостинский филиал ПКО ""Ривьера-Сочи""","Краснодарский край, город Сочи, Хоста, ул. Платановая, 8а",365,"0,6",18,,,,,,,1,1,1,,,1,1,TRUE,131,8,8
283378,Объединение парков культуры и отдыха г.Симферополь,"Респ. Крым, город Симферополь, улица Киевская",365,36,7,,5,,,,,2,,,,,,,,12,7,7
272621,ПКО им.200-летия г.Александрова,"601650, Владимирская обл., район Александровский, город Александров, улица Советская, дом 12",365,"7,2",9,4,8,2,2,,,1,11,11,,,1,1,TRUE,43,7,7
281245,"ПКО""Винновская Роща""","432012, Ульяновская обл., город Ульяновск, проспект Гая, дом 32",365,"6,8",23,,1,1,1,,,2,12,17,45,1,4,2,TRUE,82,7,7
284417,ПКО им.Кадырова с.Ведено,"366337, Чеченская Респ., район Веденский, село Ведено, улица А.А.Кадырова, домовладение 1",318,"2,8",,,,,,,,,,,,,,,,87,7,7
277945,Тарский ПКО,"646530, Омская обл., район Тарский, город Тар��, улица Александровская, дом 84",360,"1,8",17,,11,1,1,,,4,11,12,40,20,3,2,TRUE,133,7,7
272481,Суражский городской центр культуры,"243500, Брянская обл., район Суражский, город Сураж, улица Ленина, дом 56",365,"1,6",4,2,1,,,,,2,6,,,,1,1,TRUE,68,7,7
271213,Левокумский ПКО,"357961, Ставропольский край, район Левокумский, село Левокумское, улица Дзержинского, дом 25",247,"0,2",8,3,1,3,2,,,2,1,1,,,2,2,,165,7,7
275583,Шарьинский ПКО,"Костромская обл., район Шарьинский, город Шарья, улица Ленина",356,"33,8",5,,5,,,,TRUE,1,27,29,32,,8,4,,50,6,6
272890,Михайловский ГПКО им.М.М.Смехова,"Волгоградская обл., город Михайловка, площадь Конституции",365,"21,3",4,1,1,,,,,2,21,,,,4,1,TRUE,160,6,6
284667,Шумерлинский ГПКО,"429122, Чувашская Респ., город Шумерля, улица Комсомольская, дом 5",312,"17,2",14,,7,3,3,,TRUE,2,20,20,,,1,,TRUE,78,6,6
273107,"ПКО ""Ветеранов труда"", Вологда","Вологодская обл., район Вологодский, город Вологда, улица Некрасова",365,"13,7",20,1,3,,,,,10,20,10,,,2,2,TRUE,34,6,4
278261,Мценский ПКО,"303035, Орловская обл., город Мценск, улица Гагарина, дом 70/1",365,"10,9",35,1,9,7,2,TRUE,TRUE,2,7,8,320,100,5,1,TRUE,136,6,6
272176,Алексеевский ПКО,"Белгородская обл., район Алексеевский, город Алексеевка, ул. Фрунзе, 66а",365,"8,2",29,,9,1,1,TRUE,TRUE,2,16,16,450,200,5,5,TRUE,398,6,6
272316,Локотской ПКО,"Брянская обл., район Брасовский, рабочий поселок Локоть, улица Советская",263,6,3,,,,,,,1,14,,,,1,1,,136,6,6
273287,"ГПКО, Лиски","397900, Воронежская обл., район Лискинский, город Лиски, улица Трудовые Резервы, дом 70",166,"4,9",34,,3,,,,TRUE,1,2,,500,,2,1,TRUE,96,6,6
270999,"Парк культуры и отдыха ""Вербилки""","141930, Московская обл., район Талдомский, рабочий поселок Вербилки, улица Советская, дом 11",365,2,5,,5,3,,,,1,11,11,,,2,2,TRUE,150,6,6
284397,"ПКО им.Азимова, Надтеречное","366809, Чеченская Респ., район Надтеречный, село Надтеречное, улица Ленина, владение 30",250,"1,8",10,,10,5,5,,,,,,,,2,2,,61,6,6
277240,Клинский ПКО,"Московская обл., район Клинский, город Клин, проезд Тверской",365,33,25,,23,10,8,TRUE,,2,55,47,,,1,1,TRUE,196,5,5
272424,"ГПКО им.Уральских добровольцев, Унеча","Брянская обл., район Унечский, город Унеча, улица Транспортная",250,"14,5",4,,3,,,,,1,,,,,,,TRUE,118,5,5
273910,Черемховский ПКО,"665413, Иркутская обл., город Черемхово, улица Ленина, дом 30",247,14,1,,,,,,,1,6,6,,,1,1,TRUE,118,5,5
272023,"СКЦ ""Досуг"" станицы Новодеревянковской","353710, Краснодарский край, район Каневской, станица Новодеревянковская, улица Мира, дом 22",247,"13,5",21,,21,1,1,,,1,4,4,,,1,1,,56,5,1
280376,Холм-Жирковский парк графа Уварова,"215650, Смоленская обл., район Холм-Жирковский, поселок городского типа Холм-Жирковский, улица Героя Соколова, дом 8",365,10,1,,,,,,,,,,,,,,,32,5,5
282801,"ПКО ""Дружба"", Элиста","358000, Респ. Калмыкия, город Элиста, улица В.И.Ленина, дом 220Б",111,"8,7",1,,,,,,,1,,,,,1,1,TRUE,79,5,5
271192,"ПКО, Минеральные Воды","357203, Ставропольский край, район Минераловодский, город Минеральные Воды, проспект Карла Маркса, владение 54",183,"2,7",11,1,10,,,,,1,,,,,1,1,TRUE,48,5,5
271493,Бикинский ПКО,"Хабаровский край, город Бикин, улица Октябрьская",247,"2,4",7,,,,,,,2,4,4,16,16,1,1,TRUE,109,5,5
281160,Парк культуры и отдыха г.Ноябрьск,"629809, Ямало-Ненецкий а.о., город Ноябрьск, улица Энтузиастов, дом 43",365,,,,,,,,,,,,,,,,,1,5,5
277038,"ПКО, Ивантеевка","141282, Московская обл., город Ивантеевка, проспект Советский, дом 26",365,"39,4",3,,2,2,1,,,,23,23,,,,,,40,4,4
277184,Городской парк г.Кашира,"142903, Московская обл., город Кашира, улица Ленина, дом 2",365,"37,6",35,,26,28,5,TRUE,TRUE,2,14,12,,,3,3,TRUE,63,4,4
272871,"Парк культуры и отдыха ""Новый город"" г.Волжский","404109, Волгоградская обл., город Волжский, проспект Дружбы, дом 48б",249,"30,8",,,,,,,,,5,5,,,,,,20,4,4
277822,"ПКО ""Михайловская набережная""","630091, Новосибирская обл., город Новосибирск, проспект Красный, дом 50",365,"17,7",65,,1,1,1,TRUE,TRUE,1,,15,150,80,4,3,TRUE,59,4,4
279813,ПКО им.А.Сулина,"346357, Ростовская обл., район Красносулинский, город Красный Сулин, улица Фурманова, дом 2",183,12,11,,2,3,2,,,3,2,2,16,,1,,TRUE,73,4,4
277042,Парки Электростали,"144003, Московская обл., город Электросталь, улица Чернышевского, дом 38",153,"10,7",,,,,,,,,,,,,,,,,4,4
284463,Аргунский ПКО,"Чеченская Респ., город Аргун, улица Заводская",295,"10,6",1,1,,,,,,,,,,,,,,5,4,4
273164,Великоустюгский ПКО им.М.М.Булдакова,"Вологодская обл., район Великоустюгский, город Великий Устюг, проспект Советский",269,6,17,4,3,3,4,,,2,10,7,,,1,1,TRUE,122,4,4
272195,"ПКО, п.Прохоровка","309000, Белгородская обл., район Прохоровский, поселок городского типа Прохоровка, улица Советская, дом 256",320,"3,4",25,,8,,,,,1,15,,,,1,1,,260,4,4
280219,Тавдинский ГПКО,"Свердловская обл., город Тавда, улица Ленина",365,"3,3",25,,12,7,2,TRUE,TRUE,3,16,21,,,3,3,TRUE,254,4,4
277432,ДПКО г.Климовска,"142181 Московская обл., город Климовск, Заводская, 4",365,"2,1",4,,2,1,1,,,,15,15,,,2,2,,21,4,4
284652,Канашский ГПКО,"Чувашская Респ., город Канаш, улица 30 лет Победы",365,"46,9",8,,3,3,3,TRUE,TRUE,2,4,2,800,500,2,2,TRUE,51,3,3
280030,Пышминский ПКО,"Свердловская обл., район Пышминский, рабочий поселок Пышма, улица Куйбышева",299,25,6,,,2,2,,TRUE,2,2,1,,,4,4,,11,3,3
277447,"ГПКО, Коломна","Московская обл., город Коломна, улица Гагарина",365,24,5,,2,3,1,TRUE,,1,2,2,100,70,,,TRUE,50,3,3
274970,Мариинский ГПКО,"Кемеровская обл., район Мариинский, город Мариинск, улица Ленина",289,"8,3",13,,6,5,2,,,6,1,3,52,20,4,4,TRUE,278,3,3
274449,Парк культуры им.М.Беккера,"Калининградская обл., район Зеленоградский, поселок Янтаровка, улица Советская, 40",365,"7,4",2,,2,2,,TRUE,,,,,,,,,,18,3,3
272443,Почепский ГПКО,"243400, Брянская обл., район Почепский, город Почеп, улица Первомайская, дом 2",284,4,16,,,1,,,,2,16,16,,,1,1,TRUE,10,3,3
282727,"ГПКО, г.Терек","361203, Кабардино-Балкарская Респ., район Терский, город Терек, улица Карданова, дом 64",320,3,1,,,,,,,1,,,,,,,,25,3,3
271027,Городской парк г.Дрезна,"Московская обл., район Орехово-Зуевский, город Дрезна, улица Революции",365,"2,7",5,,5,,,,,1,11,5,,,1,,,115,3,3
272462,Парк культуры и отдыха им.А.И. Рубца г.Стародуба,"243240, Брянская обл., район Дятьковский, город Стародуб, улица Калинина, дом 8, корпус А",365,"2,6",12,,2,1,1,,,1,6,5,,,,,TRUE,490,3,3
271328,Карачаевский ПКО,"369200, Карачаево-Черкесская Респ., город Карачаевск, улица Магометова, дом 1",142,1,2,,,,,,,1,2,,,,,,,12,3,1
281654,Пластовский ГПКО,"457020, Челябинская обл., район Пластовский, город Пласт, улица Правды, дом 2А",155,25,15,,,3,2,,,1,33,29,,,3,3,TRUE,71,2,2
281156,Парк культуры и отдыха им.В.Ф.Козлова,"629736, Ямало-Ненецкий а.о., город Надым, улица Строителей, дом 5/1",365,16,5,,2,,,,,,16,16,,,1,,TRUE,519,2,2
280933,Парк культуры и отдыха г.Суворова,"301430, Тульская обл., район Суворовский, город Суворов, улица Парковая, дом 12А",291,12,5,,,1,1,,TRUE,1,9,,,,2,2,,61,2,2
271991,"ЦГПКО ""Аркадия"", Астрахань","414006, Астраханская обл., город Астрахань, переулок Калинина, дом 47",170,"4,6",13,,,,,,,2,,,,,2,1,,,2,2
274006,Парк культуры и отдыха п.Ивня,"Белгородская обл., район Ивнянский, рабочий поселок Ивня, улица Советская",312,4,11,,8,3,2,,,2,23,23,30,,2,2,,327,2,2
275441,"Мантуровский ПКО ""Сказка""","157300, Костромская обл., район Мантуровский, город Мантурово, улица Богдана Хмельницкого, дом 13а",365,3,5,2,4,3,,,,2,5,5,,,2,2,TRUE,39,2,2
277023,Городские парки г.Звенигорода,"143185, Московская обл., город Звенигород, улица Пролетарская, дом 53",365,"1,8",1,,1,,,,,,2,2,,,,,,14,2,2
270984,Парк культуры и отдыха поселения Серебряные Пруды,"Московская обл., рабочий поселок Серебряные Пруды, ул. Первомайская",361,"18,6",5,,1,2,,,,1,4,4,,,3,1,,36,1,1
278596,"ЦПКО, Каменка","Пензенская обл., район Каменский, город Каменка, улица Чернышевского",120,16,1,1,,,,,,1,,,,,1,1,,61,1,1
278492,РДК Пачелмского р-на,"442114, Пензенская обл., район Пачелмский, село Пачелма, улица Драгунова, дом 14",92,8,3,,,2,,,,1,1,,,,1,,,25,1,1
277428,ГПКО им.Ю.Гагарина,"140700, Московская обл., район Шатурский, город Шатура, площадь Ленина, дом 4",362,8,6,,4,3,1,,,1,19,20,130,130,1,1,TRUE,18,1,1
274025,"Парк ""Победы"" в МК ""Прохоровское поле""","309000, Белгородская обл., район Прохоровский, поселок городского типа Прохоровка, улица Советская, дом 130",365,"6,8",,,,,,,,,,,,,,,,,1,1
272994,ПКО им.Ленина г.Бирюч,", Белгородская обл., район Красногвардейский, город Бирюч, улица 9 Января, дом 51А",239,4,8,1,,,,,,1,1,,,,1,,,150,1,1
270965,"Детский парк ""Артемка""","Приморский край, город Артем, улица Кирова",110,"3,6",17,,,,,,,,,,,,,,,8,1,1
283452,Сернурский парк культуры и отдыха,"425450, Респ. Марий Эл, район Сернурский, поселок городского типа Сернур, улица Комсомольская, дом 2",244,"1,8",,,,,,,,,,,,,,,,121,1,1
280280,ПКО г.Красноуфимск,"Свердловская обл., город Красноуфимск, улица Интернациональная",,"1,3",18,,,2,,,,1,2,,,,1,,TRUE,,1,1
281067,Урайский ГПКО,"Ханты-Мансийский а.о-Югра, город Урай, ул. Ленина, 60",98,"1,3",4,,,,,,,1,2,,,,1,1,,145,1,1
280134,"ЦКДД ""Искра"" п.Бисерть","623050, Свердловская обл., район Нижнесергинский, рабочий поселок Бисерть, улица Ленина, дом 23",297,"0,8",2,,2,,,,TRUE,1,5,5,,,,,TRUE,11,1,1
277979,Русско-Полянский ПКО,"Омская обл., район Русско-Полянский, рабочий поселок Русская Поляна, улица Ленина",123,"0,7",2,1,,,,,,1,2,,,,2,,,23,1,1
280308,"Гор.центр досуга ""Азов"" г.Полевской","Свердловская обл., город Полевской, улица Свердлова",365,10,4,,,2,2,,,,21,18,,,,,,8,,
272848,"ЦПКО, Волгоград","400005, Волгоградская обл., город Волгоград, улица Батальонная, дом 4",365,"2,9",8,,5,,,,,1,12,12,,,1,1,TRUE,,,
273094,Отдых-центр,"400005, Волгоградская обл., город Волгоград, улица Советская, дом 27",273,"2,6",3,,,1,,TRUE,,2,,,,,2,,TRUE,,,
278539,Мокшанский ПКО,"442370, Пензенская обл., район Мокшанский, рабочий поселок Мокшан, улица Садовая, дом 1",,1,,,,,,,,,,,,,,,,,,
280123,Парк культуры и отдыха им.1 Мая п.Арти,"623340, Свердловская обл., район Артинский, рабочий поселок Арти, улица Ленина, дом 100",135,"0,5",1,,,,,,,1,,,30,,2,,,70,,